deck,age_pclass,family_size_pclass,woman_or_child,sex,rich_woman,is_shared_ticket,sex_pclass,fare,title,is_alone_sex,age,has_cabin,fare_per_person,fare_group,age_sex,pclass,fare_pclass,family_category_small_family,fare_per_person_group,survived
0,66.0,6,0,0,0,0,0,7.25,1,0,22.0,0,7.25,1,0.0,3,21.75,True,0,0
3,38.0,2,1,1,1,0,1,71.2833,3,0,38.0,1,71.2833,5,38.0,1,71.2833,True,4,1
0,78.0,3,1,1,0,0,3,7.925,2,1,26.0,0,7.925,2,26.0,3,23.775,False,1,1
3,35.0,2,1,1,1,1,1,53.1,3,0,35.0,1,26.55,5,35.0,1,53.1,True,3,1
0,105.0,3,0,0,0,0,0,8.05,1,0,35.0,0,8.05,2,0.0,3,24.150000000000002,False,1,0
0,75.0,3,0,0,0,0,0,8.4583,1,0,25.0,0,8.4583,2,0.0,3,25.374899999999997,False,2,0
5,54.0,1,0,0,0,0,0,51.8625,1,0,54.0,1,51.8625,5,0.0,1,51.8625,False,4,0
0,6.0,15,1,0,0,1,0,21.075,4,0,2.0,0,5.26875,3,0.0,3,63.224999999999994,False,0,0
0,81.0,9,1,1,0,1,3,11.1333,3,0,27.0,0,3.7111,3,27.0,3,33.3999,True,0,1
0,28.0,4,1,1,1,1,2,30.0708,3,0,14.0,0,15.0354,4,14.0,2,60.1416,True,3,1
7,12.0,9,1,1,0,1,3,16.7,2,0,4.0,1,8.35,3,4.0,3,50.099999999999994,True,2,1
3,58.0,1,1,1,1,0,1,26.55,2,1,58.0,1,26.55,4,58.0,1,26.55,False,3,1
0,60.0,3,0,0,0,0,0,8.05,1,0,20.0,0,8.05,2,0.0,3,24.150000000000002,False,1,0
0,117.0,21,0,0,0,1,0,31.275,1,0,39.0,0,4.4678571428571425,4,0.0,3,93.82499999999999,False,0,0
0,42.0,3,1,1,0,0,3,7.8542,2,1,14.0,0,7.8542,1,14.0,3,23.5626,False,1,0
0,110.0,2,1,1,1,0,2,16.0,3,1,55.0,0,16.0,3,55.0,2,32.0,False,3,1
0,6.0,18,1,0,0,1,0,29.125,4,0,2.0,0,5.825,4,0.0,3,87.375,False,0,0
0,60.0,2,0,0,0,0,0,13.0,1,0,30.0,0,13.0,3,0.0,2,26.0,False,3,1
0,93.0,6,1,1,0,0,3,18.0,3,0,31.0,0,18.0,3,31.0,3,54.0,True,3,0
0,64.5,3,1,1,0,0,3,7.225,3,1,21.5,0,7.225,1,21.5,3,21.674999999999997,False,0,1
0,70.0,2,0,0,0,1,0,26.0,1,0,35.0,0,13.0,4,0.0,2,52.0,False,3,0
4,68.0,2,0,0,0,0,0,13.0,1,0,34.0,1,13.0,3,0.0,2,26.0,False,3,1
0,45.0,3,1,1,0,0,3,8.0292,2,1,15.0,0,8.0292,2,15.0,3,24.0876,False,1,1
1,28.0,1,0,0,0,0,0,35.5,1,0,28.0,1,35.5,4,0.0,1,35.5,False,4,1
0,24.0,15,1,1,0,1,3,21.075,2,0,8.0,0,5.26875,3,8.0,3,63.224999999999994,False,0,0
0,114.0,21,1,1,0,1,3,31.3875,3,0,38.0,0,7.846875,4,38.0,3,94.1625,False,1,1
0,75.0,3,0,0,0,0,0,7.225,1,0,25.0,0,7.225,1,0.0,3,21.674999999999997,False,0,0
3,19.0,6,0,0,0,1,0,263.0,1,0,19.0,1,65.75,5,0.0,1,263.0,False,4,0
0,64.5,3,1,1,0,0,3,7.8792,2,1,21.5,0,7.8792,2,21.5,3,23.6376,False,1,1
0,75.0,3,0,0,0,0,0,7.8958,1,0,25.0,0,7.8958,2,0.0,3,23.6874,False,1,0
0,40.0,1,0,0,0,0,0,27.7208,5,0,40.0,0,27.7208,4,0.0,1,27.7208,False,4,0
2,35.0,2,1,1,1,1,1,146.5208,3,0,35.0,1,73.2604,5,35.0,1,146.5208,True,4,1
0,64.5,3,1,1,0,0,3,7.75,2,1,21.5,0,7.75,1,21.5,3,23.25,False,1,1
0,132.0,2,0,0,0,0,0,10.5,1,0,66.0,0,10.5,2,0.0,2,21.0,False,2,0
0,28.0,2,0,0,0,1,0,82.1708,1,0,28.0,0,41.0854,5,0.0,1,82.1708,True,4,0
0,42.0,2,0,0,0,1,0,52.0,1,0,42.0,0,26.0,5,0.0,1,52.0,True,3,0
0,75.0,3,0,0,0,0,0,7.2292,1,0,25.0,0,7.2292,1,0.0,3,21.6876,False,0,1
0,63.0,3,0,0,0,0,0,8.05,1,0,21.0,0,8.05,2,0.0,3,24.150000000000002,False,1,0
0,54.0,9,1,1,0,1,3,18.0,2,0,18.0,0,9.0,3,18.0,3,54.0,True,2,0
0,42.0,6,1,1,0,1,3,11.2417,2,0,14.0,0,5.62085,3,14.0,3,33.7251,True,0,1
0,120.0,6,1,1,0,0,3,9.475,3,0,40.0,0,9.475,2,40.0,3,28.424999999999997,True,2,0
0,54.0,4,1,1,1,1,2,21.0,3,0,27.0,0,10.5,3,27.0,2,42.0,True,2,0
0,75.0,3,0,0,0,0,0,7.8958,1,0,25.0,0,7.8958,2,0.0,3,23.6874,False,1,0
0,6.0,8,1,1,1,1,2,41.5792,2,0,3.0,0,13.859733333333333,5,3.0,2,83.1584,False,3,1
0,57.0,3,1,1,0,0,3,7.8792,2,1,19.0,0,7.8792,2,19.0,3,23.6376,False,1,1
0,75.0,3,0,0,0,0,0,8.05,1,0,25.0,0,8.05,2,0.0,3,24.150000000000002,False,1,0
0,75.0,6,0,0,0,0,0,15.5,1,0,25.0,0,15.5,3,0.0,3,46.5,True,3,0
0,64.5,3,1,1,0,0,3,7.75,2,1,21.5,0,7.75,1,21.5,3,23.25,False,1,1
0,75.0,9,0,0,0,0,0,21.6792,1,0,25.0,0,21.6792,3,0.0,3,65.0376,True,3,0
0,54.0,6,1,1,0,1,3,17.8,3,0,18.0,0,8.9,3,18.0,3,53.400000000000006,True,2,0
0,21.0,18,1,0,0,1,0,39.6875,4,0,7.0,0,6.614583333333333,4,0.0,3,119.0625,False,0,0
0,63.0,3,0,0,0,0,0,7.8,1,0,21.0,0,7.8,1,0.0,3,23.4,False,1,0
4,49.0,2,1,1,1,1,1,76.7292,3,0,49.0,1,25.576400000000003,5,49.0,1,76.7292,True,3,1
0,58.0,4,1,1,1,0,2,26.0,3,0,29.0,0,26.0,4,29.0,2,52.0,True,3,1
2,65.0,2,0,0,0,0,0,61.9792,1,0,65.0,1,61.9792,5,0.0,1,61.9792,True,4,0
3,40.0,1,0,0,0,0,0,35.5,1,0,40.0,1,35.5,4,0.0,1,35.5,False,4,1
0,42.0,2,1,1,1,0,2,10.5,2,1,21.0,0,10.5,2,21.0,2,21.0,False,2,1
0,85.5,3,0,0,0,0,0,7.2292,1,0,28.5,0,7.2292,1,0.0,3,21.6876,False,0,0
0,10.0,8,1,1,1,1,2,27.75,2,0,5.0,0,9.25,4,5.0,2,55.5,False,2,1
0,33.0,24,1,0,0,1,0,46.9,4,0,11.0,0,7.816666666666666,5,0.0,3,140.7,False,1,0
0,66.0,3,0,0,0,0,0,7.2292,1,0,22.0,0,7.2292,1,0.0,3,21.6876,False,0,0
2,38.0,1,1,1,1,1,1,80.0,2,1,38.0,1,40.0,5,38.0,1,80.0,False,4,1
3,45.0,2,0,0,0,1,0,83.475,1,0,45.0,1,41.7375,5,0.0,1,83.475,True,4,0
0,12.0,18,1,0,0,1,0,27.9,4,0,4.0,0,4.6499999999999995,4,0.0,3,83.69999999999999,False,0,0
0,40.0,1,0,0,0,0,0,27.7208,1,0,40.0,0,27.7208,4,0.0,1,27.7208,False,4,0
0,75.0,9,0,0,0,1,0,15.2458,4,0,25.0,0,7.6229,3,0.0,3,45.737399999999994,True,0,1
6,58.0,2,1,1,1,0,2,10.5,3,1,29.0,1,10.5,2,29.0,2,21.0,False,2,1
0,57.0,3,0,0,0,0,0,8.1583,1,0,19.0,0,8.1583,2,0.0,3,24.4749,False,2,0
0,51.0,21,1,1,0,0,3,7.925,2,0,17.0,0,7.925,2,17.0,3,23.775,False,1,1
0,78.0,9,0,0,0,0,0,8.6625,1,0,26.0,0,8.6625,2,0.0,3,25.987499999999997,True,2,0
0,64.0,2,0,0,0,0,0,10.5,1,0,32.0,0,10.5,2,0.0,2,21.0,False,2,0
0,48.0,24,1,1,0,1,3,46.9,2,0,16.0,0,7.816666666666666,5,16.0,3,140.7,False,1,0
0,42.0,2,0,0,0,1,0,73.5,1,0,21.0,0,14.7,5,0.0,2,147.0,False,3,0
0,78.0,6,0,0,0,0,0,14.4542,1,0,26.0,0,14.4542,3,0.0,3,43.3626,True,3,0
0,96.0,3,0,0,0,1,0,56.4958,1,0,32.0,0,8.070828571428573,5,0.0,3,169.4874,False,2,1
6,75.0,3,0,0,0,0,0,7.65,1,0,25.0,1,7.65,1,0.0,3,22.950000000000003,False,0,0
0,75.0,3,0,0,0,0,0,7.8958,1,0,25.0,0,7.8958,2,0.0,3,23.6874,False,1,0
0,75.0,3,0,0,0,0,0,8.05,1,0,25.0,0,8.05,2,0.0,3,24.150000000000002,False,1,0
0,1.66,6,1,0,0,1,0,29.0,4,0,0.83,0,14.5,4,0.0,2,58.0,True,3,1
0,90.0,3,1,1,0,1,3,12.475,2,1,30.0,0,6.2375,3,30.0,3,37.425,False,0,1
0,66.0,3,0,0,0,0,0,9.0,1,0,22.0,0,9.0,2,0.0,3,27.0,False,2,0
0,87.0,3,0,0,0,0,0,9.5,1,0,29.0,0,9.5,2,0.0,3,28.5,False,2,1
0,64.5,3,1,1,0,0,3,7.7875,2,1,21.5,0,7.7875,1,21.5,3,23.362499999999997,False,1,1
0,28.0,1,0,0,0,0,0,47.1,1,0,28.0,0,47.1,5,0.0,1,47.1,False,4,0
0,34.0,2,1,1,1,0,2,10.5,2,1,17.0,0,10.5,2,17.0,2,21.0,False,2,1
0,99.0,12,1,1,0,1,3,15.85,3,0,33.0,0,7.925,3,33.0,3,47.55,False,1,1
0,48.0,15,1,0,0,1,0,34.375,1,0,16.0,0,8.59375,4,0.0,3,103.125,False,2,0
0,75.0,3,0,0,0,0,0,8.05,1,0,25.0,0,8.05,2,0.0,3,24.150000000000002,False,1,0
3,23.0,6,1,1,1,1,1,263.0,2,0,23.0,1,65.75,5,23.0,1,263.0,False,4,1
0,72.0,3,0,0,0,0,0,8.05,1,0,24.0,0,8.05,2,0.0,3,24.150000000000002,False,1,0
0,87.0,3,0,0,0,0,0,8.05,1,0,29.0,0,8.05,2,0.0,3,24.150000000000002,False,1,0
0,60.0,3,0,0,0,0,0,7.8542,1,0,20.0,0,7.8542,1,0.0,3,23.5626,False,1,0
5,46.0,2,0,0,0,0,0,61.175,1,0,46.0,1,61.175,5,0.0,1,61.175,True,4,0
0,78.0,12,0,0,0,1,0,20.575,1,0,26.0,0,10.2875,3,0.0,3,61.724999999999994,False,2,0
0,177.0,3,0,0,0,0,0,7.25,1,0,59.0,0,7.25,1,0.0,3,21.75,False,0,0
0,75.0,3,0,0,0,0,0,8.05,1,0,25.0,0,8.05,2,0.0,3,24.150000000000002,False,1,0
1,71.0,1,0,0,0,0,0,34.6542,1,0,71.0,1,34.6542,4,0.0,1,34.6542,False,4,0
4,23.0,2,0,0,0,0,0,63.3583,1,0,23.0,1,63.3583,5,0.0,1,63.3583,True,4,1
0,68.0,4,1,1,1,1,2,23.0,3,0,34.0,0,11.5,4,34.0,2,46.0,True,2,1
0,68.0,4,0,0,0,1,0,26.0,1,0,34.0,0,13.0,4,0.0,2,52.0,True,3,0
0,84.0,3,1,1,0,0,3,7.8958,2,1,28.0,0,7.8958,2,28.0,3,23.6874,False,1,0
0,75.0,3,0,0,0,0,0,7.8958,1,0,25.0,0,7.8958,2,0.0,3,23.6874,False,1,0
4,21.0,2,0,0,0,1,0,77.2875,1,0,21.0,1,38.64375,5,0.0,1,77.2875,True,4,0
0,99.0,3,0,0,0,0,0,8.6542,1,0,33.0,0,8.6542,2,0.0,3,25.9626,False,2,0
0,111.0,9,0,0,0,0,0,7.925,1,0,37.0,0,7.925,2,0.0,3,23.775,True,1,0
0,84.0,3,0,0,0,0,0,7.8958,1,0,28.0,0,7.8958,2,0.0,3,23.6874,False,1,0
0,63.0,3,1,1,0,0,3,7.65,2,1,21.0,0,7.65,1,21.0,3,22.950000000000003,False,0,1
0,75.0,3,0,0,0,0,0,7.775,1,0,25.0,0,7.775,1,0.0,3,23.325000000000003,False,1,1
0,114.0,3,0,0,0,0,0,7.8958,1,0,38.0,0,7.8958,2,0.0,3,23.6874,False,1,0
0,64.5,6,1,1,0,1,3,24.15,2,0,21.5,0,8.049999999999999,4,21.5,3,72.44999999999999,True,1,1
3,47.0,1,0,0,0,1,0,52.0,1,0,47.0,1,26.0,5,0.0,1,52.0,False,3,0
0,43.5,6,1,1,0,1,3,14.4542,2,0,14.5,0,7.2271,3,14.5,3,43.3626,True,0,0
0,66.0,3,0,0,0,0,0,8.05,1,0,22.0,0,8.05,2,0.0,3,24.150000000000002,False,1,0
0,60.0,6,1,1,0,0,3,9.825,2,0,20.0,0,9.825,2,20.0,3,29.474999999999998,True,2,0
0,51.0,3,1,1,0,1,3,14.4583,2,1,17.0,0,7.22915,3,17.0,3,43.3749,False,0,0
0,63.0,3,0,0,0,0,0,7.925,1,0,21.0,0,7.925,2,0.0,3,23.775,False,1,0
0,211.5,3,0,0,0,0,0,7.75,1,0,70.5,0,7.75,1,0.0,3,23.25,False,1,0
0,58.0,4,0,0,0,1,0,21.0,1,0,29.0,0,10.5,3,0.0,2,42.0,True,2,0
2,24.0,2,0,0,0,1,0,247.5208,1,0,24.0,1,123.7604,5,0.0,1,247.5208,True,4,0
0,6.0,21,1,1,0,1,3,31.275,2,0,2.0,0,4.4678571428571425,4,2.0,3,93.82499999999999,False,0,0
0,42.0,6,0,0,0,1,0,73.5,1,0,21.0,0,14.7,5,0.0,2,147.0,True,3,0
0,75.0,3,0,0,0,0,0,8.05,1,0,25.0,0,8.05,2,0.0,3,24.150000000000002,False,1,0
0,65.0,4,0,0,0,1,0,30.0708,1,0,32.5,0,15.0354,4,0.0,2,60.1416,True,3,0
5,65.0,2,1,1,1,0,2,13.0,2,1,32.5,1,13.0,3,32.5,2,26.0,False,3,1
4,54.0,2,0,0,0,1,0,77.2875,1,0,54.0,1,38.64375,5,0.0,1,77.2875,True,4,0
0,36.0,6,1,0,0,1,0,11.2417,4,0,12.0,0,5.62085,3,0.0,3,33.7251,True,0,1
0,75.0,3,0,0,0,0,0,7.75,1,0,25.0,0,7.75,1,0.0,3,23.25,False,1,0
0,72.0,3,0,0,0,0,0,7.1417,1,0,24.0,0,7.1417,1,0.0,3,21.4251,False,0,1
6,64.5,9,1,1,0,1,3,22.3583,2,0,21.5,1,11.17915,4,21.5,3,67.0749,True,2,1
0,135.0,3,0,0,0,0,0,6.975,1,0,45.0,0,6.975,1,0.0,3,20.924999999999997,False,0,0
0,99.0,3,0,0,0,0,0,7.8958,1,0,33.0,0,7.8958,2,0.0,3,23.6874,False,1,0
0,60.0,3,0,0,0,0,0,7.05,1,0,20.0,0,7.05,1,0.0,3,21.15,False,0,0
0,141.0,6,1,1,0,0,3,14.5,3,0,47.0,0,14.5,3,47.0,3,43.5,True,3,0
0,58.0,4,1,1,1,0,2,26.0,3,0,29.0,0,26.0,4,29.0,2,52.0,True,3,1
0,50.0,2,0,0,0,0,0,13.0,1,0,25.0,0,13.0,3,0.0,2,26.0,False,3,0
0,46.0,2,0,0,0,0,0,15.0458,1,0,23.0,0,15.0458,3,0.0,2,30.0916,False,3,0
4,19.0,3,1,1,1,0,1,26.2833,2,0,19.0,1,26.2833,4,19.0,1,26.2833,True,3,1
3,37.0,2,0,0,0,1,0,53.1,1,0,37.0,1,26.55,5,0.0,1,53.1,True,3,0
0,48.0,3,1,0,0,1,0,9.2167,1,0,16.0,0,4.60835,2,0.0,3,27.6501,False,0,0
2,24.0,1,0,0,0,1,0,79.2,1,0,24.0,1,39.6,5,0.0,1,79.2,False,4,0
0,64.5,9,1,1,0,1,3,15.2458,3,0,21.5,0,7.6229,3,21.5,3,45.737399999999994,True,0,0
0,66.0,3,1,1,0,0,3,7.75,2,1,22.0,0,7.75,1,22.0,3,23.25,False,1,1
0,72.0,6,1,1,0,1,3,15.85,3,0,24.0,0,7.925,3,24.0,3,47.55,True,1,1
0,57.0,3,0,0,0,0,0,6.75,1,0,19.0,0,6.75,1,0.0,3,20.25,False,0,0
0,36.0,2,0,0,0,0,0,11.5,1,0,18.0,0,11.5,3,0.0,2,23.0,False,2,0
0,38.0,6,0,0,0,1,0,36.75,1,0,19.0,0,18.375,4,0.0,2,73.5,True,3,0
0,81.0,3,0,0,0,0,0,7.7958,1,0,27.0,0,7.7958,1,0.0,3,23.3874,False,1,1
0,27.0,15,1,1,0,1,3,34.375,2,0,9.0,0,8.59375,4,9.0,3,103.125,False,2,0
6,73.0,6,0,0,0,1,0,26.0,1,0,36.5,1,8.666666666666666,4,0.0,2,52.0,True,2,0
0,84.0,2,0,0,0,0,0,13.0,5,0,42.0,0,13.0,3,0.0,2,26.0,False,3,0
0,102.0,2,0,0,0,0,0,12.525,5,0,51.0,0,12.525,3,0.0,2,25.05,False,3,0
3,22.0,2,1,1,1,1,1,66.6,3,0,22.0,1,33.3,5,22.0,1,66.6,True,4,1
0,166.5,3,0,0,0,0,0,8.05,1,0,55.5,0,8.05,2,0.0,3,24.150000000000002,False,1,0
0,121.5,9,0,0,0,0,0,14.5,1,0,40.5,0,14.5,3,0.0,3,43.5,True,3,0
0,75.0,3,0,0,0,0,0,7.3125,1,0,25.0,0,7.3125,1,0.0,3,21.9375,False,0,0
0,51.0,2,0,0,0,0,0,61.3792,1,0,51.0,0,61.3792,5,0.0,1,61.3792,True,4,0
0,48.0,3,1,1,0,0,3,7.7333,2,1,16.0,0,7.7333,1,16.0,3,23.1999,False,0,1
0,90.0,3,0,0,0,0,0,8.05,1,0,30.0,0,8.05,2,0.0,3,24.150000000000002,False,1,0
0,75.0,3,0,0,0,0,0,8.6625,1,0,25.0,0,8.6625,2,0.0,3,25.987499999999997,False,2,0
0,75.0,33,0,0,0,1,0,69.55,4,0,25.0,0,9.935714285714285,5,0.0,3,208.64999999999998,False,2,0
0,132.0,6,0,0,0,0,0,16.1,1,0,44.0,0,16.1,3,0.0,3,48.300000000000004,True,3,0
0,80.0,2,1,1,1,0,2,15.75,3,1,40.0,0,15.75,3,40.0,2,31.5,False,3,1
0,78.0,3,0,0,0,0,0,7.775,1,0,26.0,0,7.775,1,0.0,3,23.325000000000003,False,1,0
0,51.0,3,0,0,0,0,0,8.6625,1,0,17.0,0,8.6625,2,0.0,3,25.987499999999997,False,2,0
0,3.0,18,1,0,0,1,0,39.6875,4,0,1.0,0,6.614583333333333,4,0.0,3,119.0625,False,0,0
0,27.0,9,1,0,0,1,0,20.525,4,0,9.0,0,6.841666666666666,3,0.0,3,61.574999999999996,True,0,1
5,35.0,2,1,1,1,1,1,55.0,3,0,35.0,1,27.5,5,35.0,1,55.0,True,4,1
0,135.0,18,1,1,0,1,3,27.9,3,0,45.0,0,4.6499999999999995,4,45.0,3,83.69999999999999,False,0,0
0,40.0,1,0,0,0,0,0,25.925,1,0,40.0,0,25.925,4,0.0,1,25.925,False,3,0
0,84.0,3,0,0,0,1,0,56.4958,1,0,28.0,0,8.070828571428573,5,0.0,3,169.4874,False,2,0
2,61.0,1,0,0,0,0,0,33.5,1,0,61.0,1,33.5,4,0.0,1,33.5,False,4,0
0,12.0,18,1,0,0,1,0,29.125,4,0,4.0,0,5.825,4,0.0,3,87.375,False,0,0
0,3.0,9,1,1,0,1,3,11.1333,2,0,1.0,0,3.7111,3,1.0,3,33.3999,True,0,1
0,63.0,3,0,0,0,0,0,7.925,1,0,21.0,0,7.925,2,0.0,3,23.775,False,1,0
1,56.0,1,0,0,0,0,0,30.6958,1,0,56.0,1,30.6958,4,0.0,1,30.6958,False,4,0
0,54.0,9,0,0,0,0,0,7.8542,1,0,18.0,0,7.8542,1,0.0,3,23.5626,True,1,0
0,75.0,15,0,0,0,1,0,25.4667,4,0,25.0,0,6.366675,4,0.0,3,76.4001,False,0,0
3,50.0,1,1,1,1,0,1,28.7125,2,1,50.0,1,28.7125,4,50.0,1,28.7125,False,4,0
0,60.0,2,0,0,0,0,0,13.0,1,0,30.0,0,13.0,3,0.0,2,26.0,False,3,0
0,108.0,3,0,0,0,1,0,0.0,1,0,36.0,0,0.0,1,0.0,3,0.0,False,0,0
0,64.5,33,1,1,0,1,3,69.55,2,0,21.5,0,9.935714285714285,5,21.5,3,208.64999999999998,False,2,0
0,60.0,2,0,0,0,0,0,15.05,1,0,30.0,0,15.05,3,0.0,2,30.1,False,3,0
0,27.0,21,1,0,0,1,0,31.3875,4,0,9.0,0,7.846875,4,0.0,3,94.1625,False,1,0
6,2.0,8,1,0,0,1,0,39.0,4,0,1.0,1,19.5,4,0.0,2,78.0,False,3,1
0,12.0,9,1,1,0,0,3,22.025,2,0,4.0,0,22.025,4,4.0,3,66.07499999999999,True,3,1
1,40.0,1,0,0,0,0,0,50.0,1,0,40.0,1,50.0,5,0.0,1,50.0,False,4,0
0,64.5,6,1,1,0,1,3,15.5,3,0,21.5,0,7.75,3,21.5,3,46.5,True,1,1
0,45.0,1,0,0,0,0,0,26.55,1,0,45.0,0,26.55,4,0.0,1,26.55,False,3,1
0,120.0,9,0,0,0,1,0,15.5,1,0,40.0,0,7.75,3,0.0,3,46.5,True,1,0
0,108.0,3,0,0,0,0,0,7.8958,1,0,36.0,0,7.8958,2,0.0,3,23.6874,False,1,0
0,64.0,2,1,1,1,0,2,13.0,3,1,32.0,0,13.0,3,32.0,2,26.0,False,3,1
0,38.0,2,0,0,0,0,0,13.0,1,0,19.0,0,13.0,3,0.0,2,26.0,False,3,0
0,57.0,6,1,1,0,0,3,7.8542,2,0,19.0,0,7.8542,1,19.0,3,23.5626,True,1,1
6,6.0,6,1,0,0,1,0,26.0,4,0,3.0,1,8.666666666666666,4,0.0,2,52.0,True,2,1
2,44.0,1,1,1,1,0,1,27.7208,3,1,44.0,1,27.7208,4,44.0,1,27.7208,False,4,1
2,58.0,1,1,1,1,1,1,146.5208,2,1,58.0,1,73.2604,5,58.0,1,146.5208,False,4,1
0,75.0,3,0,0,0,0,0,7.75,1,0,25.0,0,7.75,1,0.0,3,23.25,False,1,0
0,126.0,6,0,0,0,0,0,8.4042,1,0,42.0,0,8.4042,2,0.0,3,25.2126,True,2,0
0,64.5,3,1,1,0,0,3,7.75,2,1,21.5,0,7.75,1,21.5,3,23.25,False,1,1
0,48.0,2,1,1,1,0,2,13.0,2,1,24.0,0,13.0,3,24.0,2,26.0,False,3,0
0,84.0,3,0,0,0,0,0,9.5,1,0,28.0,0,9.5,2,0.0,3,28.5,False,2,0
0,75.0,33,0,0,0,1,0,69.55,1,0,25.0,0,9.935714285714285,5,0.0,3,208.64999999999998,False,2,0
0,102.0,3,0,0,0,0,0,6.4958,1,0,34.0,0,6.4958,1,0.0,3,19.4874,False,0,0
0,136.5,3,0,0,0,0,0,7.225,1,0,45.5,0,7.225,1,0.0,3,21.674999999999997,False,0,0
0,54.0,3,0,0,0,0,0,8.05,1,0,18.0,0,8.05,2,0.0,3,24.150000000000002,False,1,1
7,6.0,6,1,1,0,1,3,10.4625,2,0,2.0,1,5.23125,2,2.0,3,31.387500000000003,True,0,0
0,96.0,6,0,0,0,1,0,15.85,1,0,32.0,0,7.925,3,0.0,3,47.55,True,1,0
0,78.0,3,0,0,0,1,0,18.7875,1,0,26.0,0,9.39375,3,0.0,3,56.362500000000004,False,2,1
0,48.0,3,1,1,0,0,3,7.75,2,1,16.0,0,7.75,1,16.0,3,23.25,False,1,1
1,40.0,1,0,0,0,0,0,31.0,1,0,40.0,1,31.0,4,0.0,1,31.0,False,4,1
0,72.0,3,0,0,0,0,0,7.05,1,0,24.0,0,7.05,1,0.0,3,21.15,False,0,0
0,70.0,2,1,1,1,0,2,21.0,2,1,35.0,0,21.0,3,35.0,2,42.0,False,3,1
0,66.0,3,0,0,0,0,0,7.25,1,0,22.0,0,7.25,1,0.0,3,21.75,False,0,0
0,60.0,2,0,0,0,0,0,13.0,1,0,30.0,0,13.0,3,0.0,2,26.0,False,3,0
0,75.0,6,0,0,0,0,0,7.75,1,0,25.0,0,7.75,1,0.0,3,23.25,True,1,0
4,31.0,2,1,1,1,1,1,113.275,2,0,31.0,1,37.75833333333333,5,31.0,1,113.275,True,4,1
0,81.0,3,1,1,0,0,3,7.925,2,1,27.0,0,7.925,2,27.0,3,23.775,False,1,1
0,84.0,4,0,0,0,1,0,27.0,1,0,42.0,0,13.5,4,0.0,2,54.0,True,3,0
4,32.0,1,1,1,1,0,1,76.2917,2,1,32.0,1,76.2917,5,32.0,1,76.2917,False,4,1
0,60.0,2,0,0,0,0,0,10.5,1,0,30.0,0,10.5,2,0.0,2,21.0,False,2,0
0,48.0,3,1,0,0,0,0,8.05,1,0,16.0,0,8.05,2,0.0,3,24.150000000000002,False,1,1
0,54.0,2,0,0,0,0,0,13.0,1,0,27.0,0,13.0,3,0.0,2,26.0,False,3,0
0,153.0,3,0,0,0,0,0,8.05,1,0,51.0,0,8.05,2,0.0,3,24.150000000000002,False,1,0
0,75.0,3,0,0,0,0,0,7.8958,1,0,25.0,0,7.8958,2,0.0,3,23.6874,False,1,0
3,38.0,2,0,0,0,1,0,90.0,1,0,38.0,1,45.0,5,0.0,1,90.0,True,4,1
0,66.0,3,0,0,0,0,0,9.35,1,0,22.0,0,9.35,2,0.0,3,28.049999999999997,False,2,0
0,38.0,2,0,0,0,0,0,10.5,1,0,19.0,0,10.5,2,0.0,2,21.0,False,2,1
0,61.5,3,0,0,0,0,0,7.25,1,0,20.5,0,7.25,1,0.0,3,21.75,False,0,0
0,36.0,2,0,0,0,0,0,13.0,1,0,18.0,0,13.0,3,0.0,2,26.0,False,3,0
0,64.5,15,1,1,0,1,3,25.4667,2,0,21.5,0,6.366675,4,21.5,3,76.4001,False,0,0
3,35.0,2,1,1,1,1,1,83.475,3,0,35.0,1,41.7375,5,35.0,1,83.475,True,4,1
0,87.0,3,0,0,0,0,0,7.775,1,0,29.0,0,7.775,1,0.0,3,23.325000000000003,False,1,0
0,118.0,2,0,0,0,0,0,13.5,1,0,59.0,0,13.5,3,0.0,2,27.0,False,3,0
0,15.0,21,1,1,0,1,3,31.3875,2,0,5.0,0,7.846875,4,5.0,3,94.1625,False,1,1
0,48.0,2,0,0,0,0,0,10.5,1,0,24.0,0,10.5,2,0.0,2,21.0,False,2,0
0,64.5,3,1,1,0,0,3,7.55,2,1,21.5,0,7.55,1,21.5,3,22.65,False,0,0
0,88.0,4,0,0,0,0,0,26.0,1,0,44.0,0,26.0,4,0.0,2,52.0,True,3,0
0,16.0,6,1,1,1,1,2,26.25,2,0,8.0,0,8.75,4,8.0,2,52.5,True,2,1
0,38.0,2,0,0,0,0,0,10.5,1,0,19.0,0,10.5,2,0.0,2,21.0,False,2,0
0,66.0,2,0,0,0,0,0,12.275,1,0,33.0,0,12.275,3,0.0,2,24.55,False,3,0
0,64.5,6,1,1,0,1,3,14.4542,2,0,21.5,0,7.2271,3,21.5,3,43.3626,True,0,0
0,64.5,6,1,1,0,1,3,15.5,2,0,21.5,0,7.75,3,21.5,3,46.5,True,1,1
0,58.0,2,0,0,0,0,0,10.5,1,0,29.0,0,10.5,2,0.0,2,21.0,False,2,0
0,66.0,3,0,0,0,0,0,7.125,1,0,22.0,0,7.125,1,0.0,3,21.375,False,0,0
0,90.0,3,0,0,0,0,0,7.225,1,0,30.0,0,7.225,1,0.0,3,21.674999999999997,False,0,0
3,44.0,3,0,0,0,1,0,90.0,5,0,44.0,1,45.0,5,0.0,1,90.0,True,4,0
0,75.0,3,1,1,0,0,3,7.775,2,1,25.0,0,7.775,1,25.0,3,23.325000000000003,False,1,0
0,48.0,6,1,1,1,1,2,14.5,3,0,24.0,0,7.25,3,24.0,2,29.0,True,0,1
4,37.0,3,0,0,0,1,0,52.5542,1,0,37.0,1,26.2771,5,0.0,1,52.5542,True,3,1
0,108.0,4,0,0,0,1,0,26.0,5,0,54.0,0,13.0,4,0.0,2,52.0,True,3,0
0,75.0,3,0,0,0,0,0,7.25,1,0,25.0,0,7.25,1,0.0,3,21.75,False,0,0
7,87.0,9,1,1,0,1,3,10.4625,3,0,29.0,1,5.23125,2,29.0,3,31.387500000000003,True,0,0
3,62.0,1,0,0,0,0,0,26.55,1,0,62.0,1,26.55,4,0.0,1,26.55,False,3,0
0,90.0,6,0,0,0,1,0,16.1,1,0,30.0,0,8.05,3,0.0,3,48.300000000000004,True,1,0
0,123.0,9,1,1,0,1,3,20.2125,3,0,41.0,0,10.10625,3,41.0,3,60.637499999999996,True,2,0
0,87.0,9,1,1,0,0,3,15.2458,3,0,29.0,0,15.2458,3,29.0,3,45.737399999999994,True,3,1
0,35.0,1,1,1,1,0,1,79.2,3,1,35.0,0,79.2,5,35.0,1,79.2,False,4,1
2,30.0,1,1,1,1,1,1,86.5,2,1,30.0,1,28.833333333333332,5,30.0,1,86.5,False,4,1
0,35.0,1,1,1,1,1,1,512.3292,2,1,35.0,0,170.7764,5,35.0,1,512.3292,False,4,1
0,100.0,4,1,1,1,1,2,26.0,3,0,50.0,0,13.0,4,50.0,2,52.0,True,3,1
0,75.0,3,0,0,0,0,0,7.75,1,0,25.0,0,7.75,1,0.0,3,23.25,False,1,0
0,9.0,21,1,0,0,1,0,31.3875,4,0,3.0,0,7.846875,4,0.0,3,94.1625,False,1,1
5,52.0,3,0,0,0,1,0,79.65,1,0,52.0,1,26.55,5,0.0,1,79.65,True,3,0
2,40.0,1,0,0,0,0,0,0.0,1,0,40.0,1,0.0,1,0.0,1,0.0,False,0,0
0,64.5,3,1,1,0,0,3,7.75,2,1,21.5,0,7.75,1,21.5,3,23.25,False,1,0
0,72.0,2,0,0,0,0,0,10.5,1,0,36.0,0,10.5,2,0.0,2,21.0,False,2,0
0,48.0,18,1,0,0,1,0,39.6875,1,0,16.0,0,6.614583333333333,4,0.0,3,119.0625,False,0,0
0,75.0,6,0,0,0,0,0,7.775,1,0,25.0,0,7.775,1,0.0,3,23.325000000000003,True,1,1
3,58.0,2,1,1,1,1,1,153.4625,3,0,58.0,1,51.15416666666667,5,58.0,1,153.4625,True,4,1
3,35.0,1,1,1,1,1,1,135.6333,2,1,35.0,1,45.211099999999995,5,35.0,1,135.6333,False,4,1
0,40.0,1,0,0,0,1,0,31.0,1,0,40.0,0,15.5,4,0.0,1,31.0,False,3,0
0,75.0,3,0,0,0,1,0,0.0,1,0,25.0,0,0.0,1,0.0,3,0.0,False,0,1
0,82.0,4,1,1,1,1,2,19.5,3,0,41.0,0,9.75,3,41.0,2,39.0,True,2,1
3,37.0,2,0,0,0,0,0,29.7,1,0,37.0,1,29.7,4,0.0,1,29.7,True,4,0
0,64.5,3,1,1,0,0,3,7.75,2,1,21.5,0,7.75,1,21.5,3,23.25,False,1,1
4,63.0,2,1,1,1,1,1,77.9583,2,0,63.0,1,25.986099999999997,5,63.0,1,77.9583,True,3,1
0,135.0,3,1,1,0,0,3,7.75,2,1,45.0,0,7.75,1,45.0,3,23.25,False,1,0
0,60.0,2,0,0,0,1,0,0.0,1,0,30.0,0,0.0,1,0.0,2,0.0,False,0,0
0,21.0,18,1,0,0,1,0,29.125,4,0,7.0,0,5.825,4,0.0,3,87.375,False,0,0
0,105.0,9,1,1,0,1,3,20.25,3,0,35.0,0,10.125,3,35.0,3,60.75,True,2,1
0,195.0,3,0,0,0,0,0,7.75,1,0,65.0,0,7.75,1,0.0,3,23.25,False,1,0
0,84.0,3,0,0,0,0,0,7.8542,1,0,28.0,0,7.8542,1,0.0,3,23.5626,False,1,0
0,48.0,3,1,0,0,0,0,9.5,1,0,16.0,0,9.5,2,0.0,3,28.5,False,2,0
0,57.0,3,0,0,0,0,0,8.05,1,0,19.0,0,8.05,2,0.0,3,24.150000000000002,False,1,1
1,40.0,1,0,0,0,0,0,26.0,1,0,40.0,1,26.0,4,0.0,1,26.0,False,3,0
0,99.0,3,0,0,0,0,0,8.6625,1,0,33.0,0,8.6625,2,0.0,3,25.987499999999997,False,2,0
0,90.0,3,0,0,0,0,0,9.5,1,0,30.0,0,9.5,2,0.0,3,28.5,False,2,1
0,66.0,3,0,0,0,0,0,7.8958,1,0,22.0,0,7.8958,2,0.0,3,23.6874,False,1,0
0,84.0,2,0,0,0,0,0,13.0,1,0,42.0,0,13.0,3,0.0,2,26.0,False,3,1
0,66.0,3,1,1,0,0,3,7.75,2,1,22.0,0,7.75,1,22.0,3,23.25,False,1,1
0,26.0,1,1,1,1,1,1,78.85,2,1,26.0,0,39.425,5,26.0,1,78.85,False,4,1
2,19.0,2,1,1,1,1,1,91.0792,3,0,19.0,1,45.5396,5,19.0,1,91.0792,True,4,1
4,72.0,2,0,0,0,0,0,12.875,1,0,36.0,1,12.875,3,0.0,2,25.75,False,3,0
0,72.0,3,1,1,0,0,3,8.85,2,1,24.0,0,8.85,2,24.0,3,26.549999999999997,False,2,0
0,72.0,3,0,0,0,0,0,7.8958,1,0,24.0,0,7.8958,2,0.0,3,23.6874,False,1,0
0,40.0,1,0,0,0,0,0,27.7208,1,0,40.0,0,27.7208,4,0.0,1,27.7208,False,4,0
0,70.5,3,0,0,0,0,0,7.2292,1,0,23.5,0,7.2292,1,0.0,3,21.6876,False,0,0
3,2.0,4,1,1,1,1,1,151.55,2,0,2.0,1,37.8875,5,2.0,1,151.55,False,4,0
3,40.0,1,0,0,0,0,0,30.5,1,0,40.0,1,30.5,4,0.0,1,30.5,False,4,1
2,50.0,2,1,1,1,1,1,247.5208,3,0,50.0,1,123.7604,5,50.0,1,247.5208,True,4,1
0,64.5,3,1,1,0,0,3,7.75,2,1,21.5,0,7.75,1,21.5,3,23.25,False,1,1
0,75.0,9,0,0,0,1,0,23.25,1,0,25.0,0,11.625,4,0.0,3,69.75,True,2,1
0,57.0,3,0,0,0,1,0,0.0,1,0,19.0,0,0.0,1,0.0,3,0.0,False,0,0
5,56.0,2,1,1,1,0,2,12.35,2,1,28.0,1,12.35,3,28.0,2,24.7,False,3,1
0,75.0,3,0,0,0,0,0,8.05,1,0,25.0,0,8.05,2,0.0,3,24.150000000000002,False,1,0
3,0.92,4,1,0,0,1,0,151.55,4,0,0.92,1,37.8875,5,0.0,1,151.55,False,4,1
0,35.0,1,1,1,1,1,1,110.8833,2,1,35.0,0,27.720825,5,35.0,1,110.8833,False,4,1
3,17.0,2,1,1,1,1,1,108.9,3,0,17.0,1,54.45,5,17.0,1,108.9,True,4,1
0,60.0,4,0,0,0,1,0,24.0,1,0,30.0,0,12.0,4,0.0,2,48.0,True,3,0
5,30.0,1,1,1,1,1,1,56.9292,2,1,30.0,1,28.4646,5,30.0,1,56.9292,False,4,1
3,24.0,1,1,1,1,1,1,83.1583,2,1,24.0,1,41.57915,5,24.0,1,83.1583,False,4,1
2,18.0,5,1,1,1,1,1,262.375,2,0,18.0,1,131.1875,5,18.0,1,262.375,False,4,1
0,52.0,6,1,1,1,0,2,26.0,3,0,26.0,0,26.0,4,26.0,2,52.0,True,3,0
0,84.0,3,0,0,0,0,0,7.8958,1,0,28.0,0,7.8958,2,0.0,3,23.6874,False,1,0
0,86.0,6,0,0,0,1,0,26.25,1,0,43.0,0,8.75,4,0.0,2,52.5,True,2,0
0,78.0,3,1,1,0,0,3,7.8542,2,1,26.0,0,7.8542,1,26.0,3,23.5626,False,1,1
0,48.0,4,1,1,1,1,2,26.0,3,0,24.0,0,13.0,4,24.0,2,52.0,True,3,1
0,108.0,2,0,0,0,0,0,14.0,5,0,54.0,0,14.0,3,0.0,2,28.0,False,3,0
3,31.0,3,1,1,1,1,1,164.8667,2,0,31.0,1,82.43335,5,31.0,1,164.8667,True,4,1
5,40.0,3,1,1,1,1,1,134.5,3,0,40.0,1,67.25,5,40.0,1,134.5,True,4,1
0,66.0,3,0,0,0,0,0,7.25,1,0,22.0,0,7.25,1,0.0,3,21.75,False,0,0
0,81.0,3,0,0,0,0,0,7.8958,1,0,27.0,0,7.8958,2,0.0,3,23.6874,False,1,0
0,60.0,2,1,1,1,0,2,12.35,2,1,30.0,0,12.35,3,30.0,2,24.7,False,3,1
0,44.0,6,1,1,1,1,2,29.0,3,0,22.0,0,14.5,4,22.0,2,58.0,True,3,1
0,75.0,33,0,0,0,1,0,69.55,1,0,25.0,0,9.935714285714285,5,0.0,3,208.64999999999998,False,2,0
3,36.0,1,1,1,1,1,1,135.6333,2,1,36.0,1,45.211099999999995,5,36.0,1,135.6333,False,4,1
0,183.0,3,0,0,0,0,0,6.2375,1,0,61.0,0,6.2375,1,0.0,3,18.7125,False,0,0
4,72.0,2,1,1,1,0,2,13.0,3,1,36.0,1,13.0,3,36.0,2,26.0,False,3,1
0,93.0,9,1,1,0,1,3,20.525,3,0,31.0,0,6.841666666666666,3,31.0,3,61.574999999999996,True,0,1
2,16.0,2,1,1,1,1,1,57.9792,2,0,16.0,1,28.9896,5,16.0,1,57.9792,True,4,1
0,64.5,9,1,1,0,1,3,23.25,2,0,21.5,0,11.625,4,21.5,3,69.75,True,2,1
3,45.5,1,0,0,0,0,0,28.5,1,0,45.5,1,28.5,4,0.0,1,28.5,False,4,0
3,38.0,2,0,0,0,1,0,153.4625,1,0,38.0,1,51.15416666666667,5,0.0,1,153.4625,True,4,0
0,48.0,9,1,0,0,1,0,18.0,1,0,16.0,0,9.0,3,0.0,3,54.0,True,2,0
0,35.0,2,1,1,1,1,1,133.65,3,0,35.0,0,66.825,5,35.0,1,133.65,True,4,1
0,75.0,3,0,0,0,0,0,7.8958,1,0,25.0,0,7.8958,2,0.0,3,23.6874,False,1,0
3,29.0,2,0,0,0,1,0,66.6,1,0,29.0,1,33.3,5,0.0,1,66.6,True,4,0
5,41.0,1,1,1,1,1,1,134.5,2,1,41.0,1,67.25,5,41.0,1,134.5,False,4,1
0,135.0,3,0,0,0,0,0,8.05,1,0,45.0,0,8.05,2,0.0,3,24.150000000000002,False,1,1
8,45.0,1,0,0,0,0,0,35.5,1,0,45.0,1,35.5,4,0.0,1,35.5,False,4,0
6,4.0,6,1,0,0,1,0,26.0,4,0,2.0,1,8.666666666666666,4,0.0,2,52.0,True,2,1
3,24.0,6,1,1,1,1,1,263.0,2,0,24.0,1,65.75,5,24.0,1,263.0,False,4,1
0,56.0,2,0,0,0,0,0,13.0,1,0,28.0,0,13.0,3,0.0,2,26.0,False,3,0
0,50.0,2,0,0,0,0,0,13.0,1,0,25.0,0,13.0,3,0.0,2,26.0,False,3,0
0,72.0,2,0,0,0,0,0,13.0,1,0,36.0,0,13.0,3,0.0,2,26.0,False,3,0
6,48.0,2,1,1,1,0,2,13.0,2,1,24.0,1,13.0,3,24.0,2,26.0,False,3,1
0,80.0,2,1,1,1,0,2,13.0,2,1,40.0,0,13.0,3,40.0,2,26.0,False,3,1
0,64.5,6,1,1,0,0,3,16.1,3,0,21.5,0,16.1,3,21.5,3,48.300000000000004,True,3,1
0,9.0,9,1,0,0,1,0,15.9,4,0,3.0,0,7.95,3,0.0,3,47.7,True,1,1
0,126.0,3,0,0,0,0,0,8.6625,1,0,42.0,0,8.6625,2,0.0,3,25.987499999999997,False,2,0
0,69.0,3,0,0,0,0,0,9.225,1,0,23.0,0,9.225,2,0.0,3,27.674999999999997,False,2,0
3,40.0,1,0,0,0,0,0,35.0,1,0,40.0,1,35.0,4,0.0,1,35.0,False,4,0
0,45.0,9,1,0,0,0,0,7.2292,1,0,15.0,0,7.2292,1,0.0,3,21.6876,True,0,0
0,75.0,6,0,0,0,1,0,17.8,1,0,25.0,0,8.9,3,0.0,3,53.400000000000006,True,2,0
0,75.0,3,0,0,0,0,0,7.225,1,0,25.0,0,7.225,1,0.0,3,21.674999999999997,False,0,0
0,84.0,3,0,0,0,0,0,9.5,1,0,28.0,0,9.5,2,0.0,3,28.5,False,2,0
5,22.0,2,1,1,1,1,1,55.0,2,0,22.0,1,27.5,5,22.0,1,55.0,True,4,1
0,76.0,2,1,1,1,0,2,13.0,2,1,38.0,0,13.0,3,38.0,2,26.0,False,3,0
0,64.5,3,1,1,0,0,3,7.8792,2,1,21.5,0,7.8792,2,21.5,3,23.6376,False,1,1
0,64.5,3,1,1,0,0,3,7.8792,2,1,21.5,0,7.8792,2,21.5,3,23.6376,False,1,1
0,120.0,18,0,0,0,1,0,27.9,1,0,40.0,0,4.6499999999999995,4,0.0,3,83.69999999999999,False,0,0
0,58.0,4,0,0,0,0,0,27.7208,1,0,29.0,0,27.7208,4,0.0,2,55.4416,True,4,0
0,135.0,6,1,1,0,1,3,14.4542,3,0,45.0,0,7.2271,3,45.0,3,43.3626,True,0,0
0,105.0,3,0,0,0,0,0,7.05,1,0,35.0,0,7.05,1,0.0,3,21.15,False,0,0
0,75.0,6,0,0,0,1,0,15.5,1,0,25.0,0,7.75,3,0.0,3,46.5,True,1,0
0,90.0,3,0,0,0,0,0,7.25,1,0,30.0,0,7.25,1,0.0,3,21.75,False,0,0
4,60.0,2,1,1,1,0,1,75.25,3,0,60.0,1,75.25,5,60.0,1,75.25,True,4,1
0,64.5,3,1,1,0,0,3,7.2292,3,1,21.5,0,7.2292,1,21.5,3,21.6876,False,0,1
0,64.5,3,1,1,0,0,3,7.75,2,1,21.5,0,7.75,1,21.5,3,23.25,False,1,1
2,24.0,1,1,1,1,1,1,69.3,3,1,24.0,1,34.65,5,24.0,1,69.3,False,4,1
5,25.0,2,0,0,0,0,0,55.4417,1,0,25.0,1,55.4417,5,0.0,1,55.4417,True,4,1
0,54.0,6,0,0,0,0,0,6.4958,1,0,18.0,0,6.4958,1,0.0,3,19.4874,True,0,0
0,57.0,3,0,0,0,0,0,8.05,1,0,19.0,0,8.05,2,0.0,3,24.150000000000002,False,1,0
0,22.0,1,0,0,0,1,0,135.6333,1,0,22.0,0,45.211099999999995,5,0.0,1,135.6333,False,4,0
0,9.0,15,1,1,0,1,3,21.075,2,0,3.0,0,5.26875,3,3.0,3,63.224999999999994,False,0,0
0,35.0,2,1,1,1,1,1,82.1708,3,0,35.0,0,41.0854,5,35.0,1,82.1708,True,4,1
0,66.0,3,1,1,0,0,3,7.25,2,1,22.0,0,7.25,1,22.0,3,21.75,False,0,1
3,27.0,3,0,0,0,0,0,211.5,1,0,27.0,1,211.5,5,0.0,1,211.5,True,4,0
0,60.0,3,0,0,0,0,0,4.0125,1,0,20.0,0,4.0125,1,0.0,3,12.037500000000001,False,0,0
0,57.0,3,0,0,0,0,0,7.775,1,0,19.0,0,7.775,1,0.0,3,23.325000000000003,False,1,0
0,42.0,1,1,1,1,1,1,227.525,2,1,42.0,0,56.88125,5,42.0,1,227.525,False,4,1
0,3.0,9,1,1,0,1,3,15.7417,2,0,1.0,0,7.87085,3,1.0,3,47.2251,True,1,1
0,96.0,3,0,0,0,0,0,7.925,1,0,32.0,0,7.925,2,0.0,3,23.775,False,1,0
0,35.0,2,1,1,1,1,1,52.0,3,0,35.0,0,26.0,5,35.0,1,52.0,True,3,1
0,75.0,3,0,0,0,0,0,7.8958,1,0,25.0,0,7.8958,2,0.0,3,23.6874,False,1,0
0,36.0,2,0,0,0,1,0,73.5,1,0,18.0,0,14.7,5,0.0,2,147.0,False,3,0
0,3.0,24,1,0,0,1,0,46.9,4,0,1.0,0,7.816666666666666,5,0.0,3,140.7,False,1,0
0,72.0,2,1,1,1,0,2,13.0,2,1,36.0,0,13.0,3,36.0,2,26.0,False,3,1
0,75.0,3,0,0,0,0,0,7.7292,1,0,25.0,0,7.7292,1,0.0,3,23.1876,False,0,0
0,34.0,2,1,1,1,0,2,12.0,2,1,17.0,0,12.0,3,17.0,2,24.0,False,3,1
2,36.0,4,0,0,0,1,0,120.0,1,0,36.0,1,30.0,5,0.0,1,120.0,False,4,1
0,63.0,3,0,0,0,0,0,7.7958,1,0,21.0,0,7.7958,1,0.0,3,23.3874,False,1,1
0,84.0,9,0,0,0,0,0,7.925,1,0,28.0,0,7.925,2,0.0,3,23.775,True,1,0
4,23.0,2,1,1,1,1,1,113.275,2,0,23.0,1,37.75833333333333,5,23.0,1,113.275,True,4,1
7,72.0,9,1,1,0,1,3,16.7,3,0,24.0,1,8.35,3,24.0,3,50.099999999999994,True,2,1
0,66.0,3,0,0,0,0,0,7.7958,1,0,22.0,0,7.7958,1,0.0,3,23.3874,False,1,0
0,93.0,3,1,1,0,0,3,7.8542,2,1,31.0,0,7.8542,1,31.0,3,23.5626,False,1,0
0,92.0,2,0,0,0,1,0,26.0,1,0,46.0,0,13.0,4,0.0,2,52.0,False,3,0
0,46.0,2,0,0,0,0,0,10.5,5,0,23.0,0,10.5,2,0.0,2,21.0,False,2,0
0,56.0,2,1,1,1,0,2,12.65,3,1,28.0,0,12.65,3,28.0,2,25.3,False,3,1
0,117.0,3,0,0,0,0,0,7.925,1,0,39.0,0,7.925,2,0.0,3,23.775,False,1,1
0,78.0,3,0,0,0,0,0,8.05,1,0,26.0,0,8.05,2,0.0,3,24.150000000000002,False,1,0
0,63.0,6,1,1,0,0,3,9.825,2,0,21.0,0,9.825,2,21.0,3,29.474999999999998,True,2,0
0,84.0,6,0,0,0,1,0,15.85,1,0,28.0,0,7.925,3,0.0,3,47.55,True,1,0
0,60.0,3,1,1,0,0,3,8.6625,2,1,20.0,0,8.6625,2,20.0,3,25.987499999999997,False,2,0
0,68.0,4,0,0,0,0,0,21.0,1,0,34.0,0,21.0,3,0.0,2,42.0,True,3,0
0,153.0,3,0,0,0,0,0,7.75,1,0,51.0,0,7.75,1,0.0,3,23.25,False,1,0
0,6.0,6,1,0,0,1,0,18.75,4,0,3.0,0,6.25,3,0.0,2,37.5,True,0,1
0,63.0,3,0,0,0,0,0,7.775,1,0,21.0,0,7.775,1,0.0,3,23.325000000000003,False,1,0
0,64.5,15,1,1,0,1,3,25.4667,2,0,21.5,0,6.366675,4,21.5,3,76.4001,False,0,0
0,75.0,3,0,0,0,0,0,7.8958,1,0,25.0,0,7.8958,2,0.0,3,23.6874,False,1,0
0,75.0,3,0,0,0,0,0,6.8583,1,0,25.0,0,6.8583,1,0.0,3,20.5749,False,0,0
3,33.0,2,1,1,1,1,1,90.0,2,0,33.0,1,45.0,5,33.0,1,90.0,True,4,1
0,60.0,2,0,0,0,1,0,0.0,1,0,30.0,0,0.0,1,0.0,2,0.0,False,0,0
0,132.0,3,0,0,0,0,0,7.925,1,0,44.0,0,7.925,2,0.0,3,23.775,False,1,1
0,64.5,3,1,1,0,0,3,8.05,3,1,21.5,0,8.05,2,21.5,3,24.150000000000002,False,1,0
0,68.0,6,1,1,1,0,2,32.5,3,0,34.0,0,32.5,4,34.0,2,65.0,True,4,1
0,36.0,6,1,1,1,0,2,13.0,2,0,18.0,0,13.0,3,18.0,2,26.0,True,3,1
0,60.0,2,0,0,0,0,0,13.0,1,0,30.0,0,13.0,3,0.0,2,26.0,False,3,0
0,30.0,9,1,1,0,1,3,24.15,2,0,10.0,0,8.049999999999999,4,10.0,3,72.44999999999999,True,1,0
0,75.0,3,0,0,0,0,0,7.8958,1,0,25.0,0,7.8958,2,0.0,3,23.6874,False,1,0
0,63.0,3,0,0,0,0,0,7.7333,1,0,21.0,0,7.7333,1,0.0,3,23.1999,False,0,0
0,87.0,3,0,0,0,0,0,7.875,1,0,29.0,0,7.875,2,0.0,3,23.625,False,1,0
0,84.0,9,1,1,0,1,3,14.4,3,0,28.0,0,7.2,3,28.0,3,43.2,True,0,0
0,54.0,9,0,0,0,1,0,20.2125,1,0,18.0,0,10.10625,3,0.0,3,60.637499999999996,True,2,0
0,75.0,3,0,0,0,0,0,7.25,1,0,25.0,0,7.25,1,0.0,3,21.75,False,0,0
0,56.0,4,1,1,1,0,2,26.0,3,0,28.0,0,26.0,4,28.0,2,52.0,True,3,1
0,38.0,2,1,1,1,1,2,26.0,2,1,19.0,0,13.0,4,19.0,2,52.0,False,3,1
0,75.0,3,0,0,0,0,0,7.75,1,0,25.0,0,7.75,1,0.0,3,23.25,False,1,0
5,96.0,3,0,0,0,0,0,8.05,1,0,32.0,1,8.05,2,0.0,3,24.150000000000002,False,1,1
3,28.0,1,0,0,0,0,0,26.55,1,0,28.0,1,26.55,4,0.0,1,26.55,False,3,1
0,64.5,6,1,1,0,1,3,16.1,3,0,21.5,0,8.05,3,21.5,3,48.300000000000004,True,1,1
0,84.0,4,1,1,1,0,2,26.0,3,0,42.0,0,26.0,4,42.0,2,52.0,True,3,1
0,51.0,3,0,0,0,0,0,7.125,1,0,17.0,0,7.125,1,0.0,3,21.375,False,0,0
5,50.0,2,0,0,0,1,0,55.9,1,0,50.0,1,27.95,5,0.0,1,55.9,True,4,0
2,14.0,4,1,1,1,1,1,120.0,2,0,14.0,1,30.0,5,14.0,1,120.0,False,4,1
0,63.0,15,1,1,0,1,3,34.375,2,0,21.0,0,8.59375,4,21.0,3,103.125,False,2,0
0,48.0,12,1,1,1,1,2,18.75,3,0,24.0,0,6.25,3,24.0,2,37.5,False,0,1
3,64.0,6,0,0,0,1,0,263.0,1,0,64.0,1,65.75,5,0.0,1,263.0,False,4,0
0,62.0,2,0,0,0,0,0,10.5,1,0,31.0,0,10.5,2,0.0,2,21.0,False,2,0
0,90.0,6,1,1,1,1,2,26.25,3,0,45.0,0,8.75,4,45.0,2,52.5,True,2,1
0,60.0,3,0,0,0,0,0,9.5,1,0,20.0,0,9.5,2,0.0,3,28.5,False,2,0
0,75.0,6,0,0,0,0,0,7.775,1,0,25.0,0,7.775,1,0.0,3,23.325000000000003,True,1,0
0,56.0,2,1,1,1,0,2,13.0,2,1,28.0,0,13.0,3,28.0,2,26.0,False,3,1
0,75.0,3,0,0,0,0,0,8.1125,1,0,25.0,0,8.1125,2,0.0,3,24.337500000000002,False,2,1
1,4.0,3,1,0,0,0,0,81.8583,4,0,4.0,1,81.8583,5,0.0,1,81.8583,True,4,1
0,26.0,4,1,1,1,1,2,19.5,2,0,13.0,0,9.75,3,13.0,2,39.0,True,2,1
0,34.0,1,0,0,0,0,0,26.55,1,0,34.0,0,26.55,4,0.0,1,26.55,False,3,1
0,15.0,12,1,1,0,1,3,19.2583,2,0,5.0,0,4.814575,3,5.0,3,57.774899999999995,False,0,1
3,52.0,1,0,0,0,0,0,30.5,5,0,52.0,1,30.5,4,0.0,1,30.5,False,4,1
0,72.0,8,0,0,0,1,0,27.75,1,0,36.0,0,9.25,4,0.0,2,55.5,False,2,0
0,75.0,6,0,0,0,0,0,19.9667,1,0,25.0,0,19.9667,3,0.0,3,59.900099999999995,True,3,0
3,30.0,1,0,0,0,0,0,27.75,1,0,30.0,1,27.75,4,0.0,1,27.75,False,4,0
3,49.0,2,0,0,0,1,0,89.1042,1,0,49.0,1,44.5521,5,0.0,1,89.1042,True,4,1
0,75.0,3,0,0,0,0,0,8.05,1,0,25.0,0,8.05,2,0.0,3,24.150000000000002,False,1,0
0,87.0,3,0,0,0,0,0,7.8958,1,0,29.0,0,7.8958,2,0.0,3,23.6874,False,1,1
5,65.0,1,0,0,0,0,0,26.55,1,0,65.0,1,26.55,4,0.0,1,26.55,False,3,0
4,35.0,2,1,1,1,0,1,51.8625,3,0,35.0,1,51.8625,5,35.0,1,51.8625,True,4,1
0,100.0,2,1,1,1,0,2,10.5,2,1,50.0,0,10.5,2,50.0,2,21.0,False,2,1
0,75.0,3,0,0,0,0,0,7.75,1,0,25.0,0,7.75,1,0.0,3,23.25,False,1,0
5,48.0,1,0,0,0,0,0,26.55,1,0,48.0,1,26.55,4,0.0,1,26.55,False,3,1
0,102.0,3,0,0,0,0,0,8.05,1,0,34.0,0,8.05,2,0.0,3,24.150000000000002,False,1,0
5,47.0,1,0,0,0,0,0,38.5,1,0,47.0,1,38.5,4,0.0,1,38.5,False,4,0
0,96.0,2,0,0,0,0,0,13.0,1,0,48.0,0,13.0,3,0.0,2,26.0,False,3,0
0,75.0,3,0,0,0,0,0,8.05,1,0,25.0,0,8.05,2,0.0,3,24.150000000000002,False,1,0
0,114.0,3,0,0,0,0,0,7.05,1,0,38.0,0,7.05,1,0.0,3,21.15,False,0,0
0,60.0,2,0,0,0,1,0,0.0,1,0,30.0,0,0.0,1,0.0,2,0.0,False,0,0
0,56.0,1,0,0,0,0,0,26.55,1,0,56.0,0,26.55,4,0.0,1,26.55,False,3,0
0,75.0,3,0,0,0,0,0,7.725,1,0,25.0,0,7.725,1,0.0,3,23.174999999999997,False,0,0
0,2.25,12,1,1,0,1,3,19.2583,2,0,0.75,0,4.814575,3,0.75,3,57.774899999999995,False,0,1
0,75.0,3,0,0,0,0,0,7.25,1,0,25.0,0,7.25,1,0.0,3,21.75,False,0,0
0,114.0,3,0,0,0,0,0,8.6625,1,0,38.0,0,8.6625,2,0.0,3,25.987499999999997,False,2,0
0,66.0,8,1,1,1,1,2,27.75,3,0,33.0,0,9.25,4,33.0,2,55.5,False,2,1
4,46.0,2,1,1,1,0,2,13.7917,3,1,23.0,1,13.7917,3,23.0,2,27.5834,False,3,1
0,66.0,3,1,1,0,0,3,9.8375,2,1,22.0,0,9.8375,2,22.0,3,29.512500000000003,False,2,0
1,40.0,1,0,0,0,1,0,52.0,1,0,40.0,1,26.0,5,0.0,1,52.0,False,3,0
0,68.0,4,0,0,0,1,0,21.0,1,0,34.0,0,10.5,3,0.0,2,42.0,True,2,0
0,87.0,6,0,0,0,0,0,7.0458,1,0,29.0,0,7.0458,1,0.0,3,21.1374,True,0,0
0,66.0,3,0,0,0,0,0,7.5208,1,0,22.0,0,7.5208,1,0.0,3,22.5624,False,0,0
0,6.0,6,1,1,0,0,3,12.2875,2,0,2.0,0,12.2875,3,2.0,3,36.8625,True,3,1
0,27.0,24,1,0,0,1,0,46.9,4,0,9.0,0,7.816666666666666,5,0.0,3,140.7,False,1,0
0,60.0,2,0,0,0,0,0,0.0,1,0,30.0,0,0.0,1,0.0,2,0.0,False,0,0
0,150.0,3,0,0,0,0,0,8.05,1,0,50.0,0,8.05,2,0.0,3,24.150000000000002,False,1,0
0,189.0,3,1,1,0,0,3,9.5875,3,1,63.0,0,9.5875,2,63.0,3,28.762500000000003,False,2,1
2,25.0,2,0,0,0,1,0,91.0792,1,0,25.0,1,45.5396,5,0.0,1,91.0792,True,4,1
0,64.5,15,1,1,0,1,3,25.4667,2,0,21.5,0,6.366675,4,21.5,3,76.4001,False,0,0
3,35.0,2,1,1,1,1,1,90.0,3,0,35.0,1,45.0,5,35.0,1,90.0,True,4,1
2,58.0,1,0,0,0,0,0,29.7,1,0,58.0,1,29.7,4,0.0,1,29.7,False,4,0
0,90.0,3,0,0,0,0,0,8.05,1,0,30.0,0,8.05,2,0.0,3,24.150000000000002,False,1,0
0,27.0,9,1,0,0,1,0,15.9,4,0,9.0,0,7.95,3,0.0,3,47.7,True,1,1
0,75.0,6,0,0,0,0,0,19.9667,1,0,25.0,0,19.9667,3,0.0,3,59.900099999999995,True,3,0
0,63.0,3,0,0,0,0,0,7.25,1,0,21.0,0,7.25,1,0.0,3,21.75,False,0,0
3,55.0,1,0,0,0,0,0,30.5,1,0,55.0,1,30.5,4,0.0,1,30.5,False,4,0
0,71.0,1,0,0,0,0,0,49.5042,1,0,71.0,0,49.5042,5,0.0,1,49.5042,False,4,0
0,63.0,3,0,0,0,0,0,8.05,1,0,21.0,0,8.05,2,0.0,3,24.150000000000002,False,1,0
0,75.0,3,0,0,0,1,0,14.4583,1,0,25.0,0,7.22915,3,0.0,3,43.3749,False,0,0
4,54.0,2,1,1,1,1,1,78.2667,2,0,54.0,1,39.13335,5,54.0,1,78.2667,True,4,1
0,75.0,3,0,0,0,0,0,15.1,1,0,25.0,0,15.1,3,0.0,3,45.3,False,3,0
3,25.0,4,1,1,1,1,1,151.55,3,0,25.0,1,37.8875,5,25.0,1,151.55,False,4,0
0,72.0,3,0,0,0,0,0,7.7958,1,0,24.0,0,7.7958,1,0.0,3,23.3874,False,1,0
0,51.0,3,0,0,0,0,0,8.6625,1,0,17.0,0,8.6625,2,0.0,3,25.987499999999997,False,2,0
0,63.0,3,1,1,0,0,3,7.75,2,1,21.0,0,7.75,1,21.0,3,23.25,False,1,0
0,64.5,3,1,1,0,0,3,7.6292,2,1,21.5,0,7.6292,1,21.5,3,22.8876,False,0,0
0,111.0,3,1,1,0,0,3,9.5875,2,1,37.0,0,9.5875,2,37.0,3,28.762500000000003,False,2,0
2,16.0,1,1,1,1,1,1,86.5,2,1,16.0,1,28.833333333333332,5,16.0,1,86.5,False,4,1
3,18.0,2,0,0,0,1,0,108.9,1,0,18.0,1,54.45,5,0.0,1,108.9,True,4,0
0,66.0,6,1,1,1,1,2,26.0,3,0,33.0,0,13.0,4,33.0,2,52.0,True,3,1
0,40.0,1,0,0,0,0,0,26.55,1,0,40.0,0,26.55,4,0.0,1,26.55,False,3,1
0,84.0,3,0,0,0,0,0,22.525,1,0,28.0,0,22.525,4,0.0,3,67.57499999999999,False,3,0
0,78.0,3,0,0,0,1,0,56.4958,1,0,26.0,0,8.070828571428573,5,0.0,3,169.4874,False,2,1
0,87.0,3,0,0,0,0,0,7.75,1,0,29.0,0,7.75,1,0.0,3,23.25,False,1,1
0,75.0,3,0,0,0,0,0,8.05,1,0,25.0,0,8.05,2,0.0,3,24.150000000000002,False,1,0
5,36.0,1,0,0,0,0,0,26.2875,1,0,36.0,1,26.2875,4,0.0,1,26.2875,False,3,1
0,54.0,2,1,1,1,0,1,59.4,3,0,54.0,0,59.4,5,54.0,1,59.4,True,4,1
0,72.0,3,0,0,0,0,0,7.4958,1,0,24.0,0,7.4958,1,0.0,3,22.4874,False,0,0
4,47.0,1,0,0,0,0,0,34.0208,1,0,47.0,1,34.0208,4,0.0,1,34.0208,False,4,0
6,68.0,2,1,1,1,0,2,10.5,3,1,34.0,1,10.5,2,34.0,2,21.0,False,2,1
0,75.0,3,0,0,0,1,0,24.15,1,0,25.0,0,8.049999999999999,4,0.0,3,72.44999999999999,False,1,0
0,72.0,4,1,1,1,0,2,26.0,3,0,36.0,0,26.0,4,36.0,2,52.0,True,3,1
0,96.0,3,0,0,0,0,0,7.8958,1,0,32.0,0,7.8958,2,0.0,3,23.6874,False,1,0
2,30.0,1,1,1,1,1,1,93.5,2,1,30.0,1,46.75,5,30.0,1,93.5,False,4,1
0,66.0,3,0,0,0,0,0,7.8958,1,0,22.0,0,7.8958,2,0.0,3,23.6874,False,1,0
0,75.0,3,0,0,0,0,0,7.225,1,0,25.0,0,7.225,1,0.0,3,21.674999999999997,False,0,0
2,44.0,2,1,1,1,1,1,57.9792,3,0,44.0,1,28.9896,5,44.0,1,57.9792,True,4,1
0,75.0,3,0,0,0,0,0,7.2292,1,0,25.0,0,7.2292,1,0.0,3,21.6876,False,0,0
0,121.5,3,0,0,0,0,0,7.75,1,0,40.5,0,7.75,1,0.0,3,23.25,False,1,0
0,100.0,2,1,1,1,0,2,10.5,2,1,50.0,0,10.5,2,50.0,2,21.0,False,2,1
3,40.0,1,0,0,0,0,0,221.7792,1,0,40.0,1,221.7792,5,0.0,1,221.7792,False,4,0
0,117.0,3,0,0,0,0,0,7.925,1,0,39.0,0,7.925,2,0.0,3,23.775,False,1,0
0,46.0,8,0,0,0,0,0,11.5,1,0,23.0,0,11.5,3,0.0,2,23.0,False,2,0
0,4.0,6,1,1,1,1,2,26.0,2,0,2.0,0,13.0,4,2.0,2,52.0,True,3,1
0,75.0,3,0,0,0,0,0,7.2292,1,0,25.0,0,7.2292,1,0.0,3,21.6876,False,0,0
0,51.0,9,0,0,0,0,0,7.2292,1,0,17.0,0,7.2292,1,0.0,3,21.6876,True,0,0
0,64.5,9,1,1,0,1,3,22.3583,3,0,21.5,0,11.17915,4,21.5,3,67.0749,True,2,1
0,90.0,3,1,1,0,0,3,8.6625,2,1,30.0,0,8.6625,2,30.0,3,25.987499999999997,False,2,0
0,14.0,6,1,1,1,1,2,26.25,2,0,7.0,0,8.75,4,7.0,2,52.5,True,2,1
2,45.0,1,0,0,0,0,0,26.55,5,0,45.0,1,26.55,4,0.0,1,26.55,False,3,0
0,30.0,1,1,1,1,1,1,106.425,2,1,30.0,0,53.2125,5,30.0,1,106.425,False,4,1
0,75.0,3,0,0,0,0,0,14.5,1,0,25.0,0,14.5,3,0.0,3,43.5,False,3,0
2,22.0,3,1,1,1,0,1,49.5,2,0,22.0,1,49.5,5,22.0,1,49.5,True,4,1
2,36.0,3,1,1,1,1,1,71.0,2,0,36.0,1,35.5,5,36.0,1,71.0,True,4,1
0,27.0,21,1,1,0,1,3,31.275,2,0,9.0,0,4.4678571428571425,4,9.0,3,93.82499999999999,False,0,0
0,33.0,21,1,1,0,1,3,31.275,2,0,11.0,0,4.4678571428571425,4,11.0,3,93.82499999999999,False,0,0
0,64.0,4,0,0,0,1,0,26.0,1,0,32.0,0,13.0,4,0.0,2,52.0,True,3,1
3,50.0,2,0,0,0,1,0,106.425,1,0,50.0,1,53.2125,5,0.0,1,106.425,True,4,0
0,64.0,1,0,0,0,0,0,26.0,1,0,64.0,0,26.0,4,0.0,1,26.0,False,3,0
0,38.0,4,1,1,1,1,2,26.0,3,0,19.0,0,13.0,4,19.0,2,52.0,True,3,1
0,60.0,2,0,0,0,0,0,13.8625,1,0,30.0,0,13.8625,3,0.0,2,27.725,False,3,1
0,99.0,9,0,0,0,1,0,20.525,1,0,33.0,0,6.841666666666666,3,0.0,3,61.574999999999996,True,0,0
0,16.0,6,1,0,0,1,0,36.75,4,0,8.0,0,18.375,4,0.0,2,73.5,True,3,1
3,17.0,3,0,0,0,1,0,110.8833,1,0,17.0,1,27.720825,5,0.0,1,110.8833,True,4,1
0,54.0,2,0,0,0,0,0,26.0,1,0,27.0,0,26.0,4,0.0,2,52.0,False,3,0
0,75.0,3,0,0,0,0,0,7.8292,1,0,25.0,0,7.8292,1,0.0,3,23.4876,False,1,0
0,66.0,3,0,0,0,0,0,7.225,1,0,22.0,0,7.225,1,0.0,3,21.674999999999997,False,0,1
0,66.0,3,1,1,0,0,3,7.775,2,1,22.0,0,7.775,1,22.0,3,23.325000000000003,False,1,1
0,62.0,1,0,0,0,0,0,26.55,1,0,62.0,0,26.55,4,0.0,1,26.55,False,3,0
1,48.0,2,1,1,1,0,1,39.6,5,0,48.0,1,39.6,4,48.0,1,39.6,True,4,1
0,40.0,1,0,0,0,1,0,227.525,1,0,40.0,0,56.88125,5,0.0,1,227.525,False,4,0
5,39.0,3,1,1,1,1,1,79.65,3,0,39.0,1,26.55,5,39.0,1,79.65,True,3,1
0,108.0,6,1,1,0,0,3,17.4,3,0,36.0,0,17.4,3,36.0,3,52.199999999999996,True,3,1
0,75.0,3,0,0,0,0,0,7.75,1,0,25.0,0,7.75,1,0.0,3,23.25,False,1,0
0,120.0,3,0,0,0,0,0,7.8958,1,0,40.0,0,7.8958,2,0.0,3,23.6874,False,1,0
0,56.0,2,0,0,0,0,0,13.5,1,0,28.0,0,13.5,3,0.0,2,27.0,False,3,0
0,75.0,3,0,0,0,0,0,8.05,1,0,25.0,0,8.05,2,0.0,3,24.150000000000002,False,1,0
0,64.5,3,1,1,0,0,3,8.05,2,1,21.5,0,8.05,2,21.5,3,24.150000000000002,False,1,0
0,72.0,9,0,0,0,1,0,24.15,1,0,24.0,0,12.075,4,0.0,3,72.44999999999999,True,3,0
0,57.0,3,0,0,0,0,0,7.8958,1,0,19.0,0,7.8958,2,0.0,3,23.6874,False,1,0
0,87.0,15,1,1,0,1,3,21.075,3,0,29.0,0,5.26875,3,29.0,3,63.224999999999994,False,0,0
0,75.0,3,0,0,0,0,0,7.2292,1,0,25.0,0,7.2292,1,0.0,3,21.6876,False,0,0
0,96.0,3,0,0,0,0,0,7.8542,1,0,32.0,0,7.8542,1,0.0,3,23.5626,False,1,1
0,124.0,2,0,0,0,0,0,10.5,1,0,62.0,0,10.5,2,0.0,2,21.0,False,2,1
3,53.0,3,1,1,1,0,1,51.4792,3,0,53.0,1,51.4792,5,53.0,1,51.4792,True,4,1
5,36.0,1,0,0,0,0,0,26.3875,1,0,36.0,1,26.3875,4,0.0,1,26.3875,False,3,1
0,64.5,3,1,1,0,0,3,7.75,2,1,21.5,0,7.75,1,21.5,3,23.25,False,1,1
0,48.0,3,1,0,0,0,0,8.05,1,0,16.0,0,8.05,2,0.0,3,24.150000000000002,False,1,0
0,57.0,3,0,0,0,1,0,14.5,1,0,19.0,0,7.25,3,0.0,3,43.5,False,0,0
0,68.0,2,1,1,1,0,2,13.0,2,1,34.0,0,13.0,3,34.0,2,26.0,False,3,1
5,39.0,2,1,1,1,1,1,55.9,3,0,39.0,1,27.95,5,39.0,1,55.9,True,4,1
0,64.5,6,1,1,0,0,3,14.4583,3,0,21.5,0,14.4583,3,21.5,3,43.3749,True,3,0
0,96.0,3,0,0,0,0,0,7.925,1,0,32.0,0,7.925,2,0.0,3,23.775,False,1,1
0,50.0,6,1,1,1,0,2,30.0,2,0,25.0,0,30.0,4,25.0,2,60.0,True,4,1
3,39.0,3,1,1,1,1,1,110.8833,3,0,39.0,1,27.720825,5,39.0,1,110.8833,True,4,1
0,108.0,2,0,0,0,1,0,26.0,1,0,54.0,0,13.0,4,0.0,2,52.0,False,3,0
1,36.0,1,0,0,0,0,0,40.125,1,0,36.0,1,40.125,5,0.0,1,40.125,False,4,0
0,75.0,3,0,0,0,0,0,8.7125,1,0,25.0,0,8.7125,2,0.0,3,26.137500000000003,False,2,0
5,18.0,3,1,1,1,1,1,79.65,2,0,18.0,1,26.55,5,18.0,1,79.65,True,3,1
0,94.0,2,0,0,0,0,0,15.0,1,0,47.0,0,15.0,3,0.0,2,30.0,False,3,0
2,60.0,3,0,0,0,0,0,79.2,1,0,60.0,1,79.2,5,0.0,1,79.2,True,4,1
0,66.0,3,0,0,0,0,0,8.05,1,0,22.0,0,8.05,2,0.0,3,24.150000000000002,False,1,0
0,75.0,3,0,0,0,0,0,8.05,1,0,25.0,0,8.05,2,0.0,3,24.150000000000002,False,1,0
0,105.0,3,0,0,0,0,0,7.125,1,0,35.0,0,7.125,1,0.0,3,21.375,False,0,0
4,52.0,2,1,1,1,1,1,78.2667,3,0,52.0,1,39.13335,5,52.0,1,78.2667,True,4,1
0,141.0,3,0,0,0,0,0,7.25,1,0,47.0,0,7.25,1,0.0,3,21.75,False,0,0
0,64.5,9,1,1,0,0,3,7.75,2,0,21.5,0,7.75,1,21.5,3,23.25,True,1,0
0,74.0,4,0,0,0,0,0,26.0,1,0,37.0,0,26.0,4,0.0,2,52.0,True,3,0
0,108.0,9,0,0,0,1,0,24.15,1,0,36.0,0,8.049999999999999,4,0.0,3,72.44999999999999,True,1,0
0,56.0,2,1,1,1,1,2,33.0,2,1,28.0,0,11.0,4,28.0,2,66.0,False,2,1
0,147.0,3,0,0,0,1,0,0.0,1,0,49.0,0,0.0,1,0.0,3,0.0,False,0,0
0,75.0,3,0,0,0,0,0,7.225,1,0,25.0,0,7.225,1,0.0,3,21.674999999999997,False,0,0
1,49.0,2,0,0,0,1,0,56.9292,5,0,49.0,1,28.4646,5,0.0,1,56.9292,True,4,1
0,48.0,8,1,1,1,1,2,27.0,3,0,24.0,0,13.5,4,24.0,2,54.0,False,3,1
0,75.0,3,0,0,0,0,0,7.8958,1,0,25.0,0,7.8958,2,0.0,3,23.6874,False,1,0
0,40.0,1,0,0,0,0,0,42.4,1,0,40.0,0,42.4,5,0.0,1,42.4,False,4,0
0,132.0,3,0,0,0,0,0,8.05,1,0,44.0,0,8.05,2,0.0,3,24.150000000000002,False,1,0
0,35.0,1,0,0,0,0,0,26.55,1,0,35.0,0,26.55,4,0.0,1,26.55,False,3,1
0,108.0,6,0,0,0,0,0,15.55,1,0,36.0,0,15.55,3,0.0,3,46.650000000000006,True,3,0
0,90.0,3,0,0,0,0,0,7.8958,1,0,30.0,0,7.8958,2,0.0,3,23.6874,False,1,0
0,27.0,1,0,0,0,0,0,30.5,1,0,27.0,0,30.5,4,0.0,1,30.5,False,4,1
0,44.0,8,1,1,1,1,2,41.5792,3,0,22.0,0,13.859733333333333,5,22.0,2,83.1584,False,3,1
3,40.0,1,1,1,1,1,1,153.4625,2,1,40.0,1,51.15416666666667,5,40.0,1,153.4625,False,4,1
0,117.0,21,1,1,0,1,3,31.275,3,0,39.0,0,4.4678571428571425,4,39.0,3,93.82499999999999,False,0,0
0,75.0,3,0,0,0,0,0,7.05,1,0,25.0,0,7.05,1,0.0,3,21.15,False,0,0
0,64.5,6,1,1,0,1,3,15.5,2,0,21.5,0,7.75,3,21.5,3,46.5,True,1,1
0,75.0,3,0,0,0,0,0,7.75,1,0,25.0,0,7.75,1,0.0,3,23.25,False,1,0
0,105.0,3,0,0,0,0,0,8.05,1,0,35.0,0,8.05,2,0.0,3,24.150000000000002,False,1,0
0,48.0,8,1,1,1,1,2,65.0,2,0,24.0,0,32.5,5,24.0,2,130.0,False,4,1
0,102.0,9,0,0,0,1,0,14.4,1,0,34.0,0,7.2,3,0.0,3,43.2,True,0,0
0,78.0,6,1,1,0,1,3,16.1,3,0,26.0,0,8.05,3,26.0,3,48.300000000000004,True,1,0
6,8.0,8,1,1,1,1,2,39.0,2,0,4.0,1,19.5,4,4.0,2,78.0,False,3,1
0,52.0,2,0,0,0,0,0,10.5,1,0,26.0,0,10.5,2,0.0,2,21.0,False,2,0
0,81.0,6,0,0,0,1,0,14.4542,1,0,27.0,0,7.2271,3,0.0,3,43.3626,True,0,0
4,42.0,2,0,0,0,0,0,52.5542,1,0,42.0,1,52.5542,5,0.0,1,52.5542,True,4,1
0,60.0,9,0,0,0,1,0,15.7417,1,0,20.0,0,7.87085,3,0.0,3,47.2251,True,1,1
0,63.0,3,0,0,0,0,0,7.8542,1,0,21.0,0,7.8542,1,0.0,3,23.5626,False,1,0
0,63.0,3,0,0,0,1,0,16.1,1,0,21.0,0,8.05,3,0.0,3,48.300000000000004,False,1,0
4,61.0,1,0,0,0,0,0,32.3208,1,0,61.0,1,32.3208,4,0.0,1,32.3208,False,4,0
0,114.0,2,0,0,0,0,0,12.35,5,0,57.0,0,12.35,3,0.0,2,24.7,False,3,0
4,21.0,1,1,1,1,1,1,77.9583,2,1,21.0,1,25.986099999999997,5,21.0,1,77.9583,False,3,1
0,78.0,3,0,0,0,0,0,7.8958,1,0,26.0,0,7.8958,2,0.0,3,23.6874,False,1,0
0,75.0,3,0,0,0,0,0,7.7333,1,0,25.0,0,7.7333,1,0.0,3,23.1999,False,0,0
1,80.0,1,0,0,0,0,0,30.0,1,0,80.0,1,30.0,4,0.0,1,30.0,False,4,1
0,153.0,3,0,0,0,0,0,7.0542,1,0,51.0,0,7.0542,1,0.0,3,21.162599999999998,False,0,0
2,32.0,1,0,0,0,0,0,30.5,5,0,32.0,1,30.5,4,0.0,1,30.5,False,4,1
0,40.0,1,0,0,0,0,0,0.0,1,0,40.0,0,0.0,1,0.0,1,0.0,False,0,0
0,27.0,18,1,1,0,1,3,27.9,2,0,9.0,0,4.6499999999999995,4,9.0,3,83.69999999999999,False,0,0
0,56.0,2,1,1,1,0,2,13.0,2,1,28.0,0,13.0,3,28.0,2,26.0,False,3,1
0,96.0,3,0,0,0,0,0,7.925,1,0,32.0,0,7.925,2,0.0,3,23.775,False,1,0
0,62.0,6,0,0,0,1,0,26.25,1,0,31.0,0,8.75,4,0.0,2,52.5,True,2,0
0,123.0,18,1,1,0,1,3,39.6875,3,0,41.0,0,6.614583333333333,4,41.0,3,119.0625,False,0,0
0,75.0,6,0,0,0,1,0,16.1,1,0,25.0,0,8.05,3,0.0,3,48.300000000000004,True,1,0
0,60.0,3,0,0,0,0,0,7.8542,1,0,20.0,0,7.8542,1,0.0,3,23.5626,False,1,0
2,24.0,1,1,1,1,1,1,69.3,2,1,24.0,1,34.65,5,24.0,1,69.3,False,4,1
0,6.0,18,1,1,0,1,3,27.9,2,0,2.0,0,4.6499999999999995,4,2.0,3,83.69999999999999,False,0,0
0,75.0,3,0,0,0,1,0,56.4958,1,0,25.0,0,8.070828571428573,5,0.0,3,169.4874,False,2,1
0,2.25,12,1,1,0,1,3,19.2583,2,0,0.75,0,4.814575,3,0.75,3,57.774899999999995,False,0,1
4,48.0,2,0,0,0,1,0,76.7292,1,0,48.0,1,25.576400000000003,5,0.0,1,76.7292,True,3,1
0,57.0,3,0,0,0,0,0,7.8958,1,0,19.0,0,7.8958,2,0.0,3,23.6874,False,1,0
1,56.0,1,0,0,0,0,0,35.5,5,0,56.0,1,35.5,4,0.0,1,35.5,False,4,1
0,75.0,3,0,0,0,0,0,7.55,1,0,25.0,0,7.55,1,0.0,3,22.65,False,0,0
0,69.0,3,1,1,0,0,3,7.55,2,1,23.0,0,7.55,1,23.0,3,22.65,False,0,1
0,75.0,3,0,0,0,0,0,7.8958,1,0,25.0,0,7.8958,2,0.0,3,23.6874,False,1,0
0,36.0,4,1,1,1,1,2,23.0,2,0,18.0,0,11.5,4,18.0,2,46.0,True,2,1
0,63.0,3,0,0,0,0,0,8.4333,1,0,21.0,0,8.4333,2,0.0,3,25.299899999999997,False,2,0
0,64.5,3,1,1,0,0,3,7.8292,2,1,21.5,0,7.8292,1,21.5,3,23.4876,False,1,1
0,54.0,3,1,1,0,0,3,6.75,2,1,18.0,0,6.75,1,18.0,3,20.25,False,0,0
0,48.0,6,0,0,0,1,0,73.5,1,0,24.0,0,14.7,5,0.0,2,147.0,True,3,0
0,75.0,3,0,0,0,0,0,7.8958,1,0,25.0,0,7.8958,2,0.0,3,23.6874,False,1,0
0,96.0,9,1,1,0,1,3,15.5,3,0,32.0,0,7.75,3,32.0,3,46.5,True,1,0
0,46.0,2,0,0,0,0,0,13.0,1,0,23.0,0,13.0,3,0.0,2,26.0,False,3,0
4,58.0,3,0,0,0,1,0,113.275,1,0,58.0,1,37.75833333333333,5,0.0,1,113.275,True,4,0
0,50.0,3,0,0,0,1,0,133.65,5,0,50.0,0,66.825,5,0.0,1,133.65,True,4,1
0,120.0,3,0,0,0,0,0,7.225,1,0,40.0,0,7.225,1,0.0,3,21.674999999999997,False,0,0
5,47.0,1,0,0,0,0,0,25.5875,1,0,47.0,1,25.5875,4,0.0,1,25.5875,False,3,0
0,108.0,3,0,0,0,0,0,7.4958,1,0,36.0,0,7.4958,1,0.0,3,22.4874,False,0,0
0,60.0,6,0,0,0,0,0,7.925,1,0,20.0,0,7.925,2,0.0,3,23.775,True,1,1
0,64.0,6,0,0,0,1,0,73.5,1,0,32.0,0,14.7,5,0.0,2,147.0,True,3,0
0,50.0,2,0,0,0,0,0,13.0,1,0,25.0,0,13.0,3,0.0,2,26.0,False,3,0
0,75.0,3,0,0,0,0,0,7.775,1,0,25.0,0,7.775,1,0.0,3,23.325000000000003,False,1,0
0,129.0,3,0,0,0,0,0,8.05,1,0,43.0,0,8.05,2,0.0,3,24.150000000000002,False,1,0
3,35.0,2,1,1,1,1,1,52.0,3,0,35.0,1,26.0,5,35.0,1,52.0,True,3,1
0,80.0,6,1,1,1,1,2,39.0,3,0,40.0,0,19.5,4,40.0,2,78.0,True,3,1
2,31.0,2,0,0,0,0,0,52.0,1,0,31.0,1,52.0,5,0.0,1,52.0,True,4,0
0,140.0,2,0,0,0,0,0,10.5,1,0,70.0,0,10.5,2,0.0,2,21.0,False,2,0
0,62.0,2,0,0,0,0,0,13.0,1,0,31.0,0,13.0,3,0.0,2,26.0,False,3,1
0,60.0,2,0,0,0,0,0,0.0,1,0,30.0,0,0.0,1,0.0,2,0.0,False,0,0
0,54.0,3,0,0,0,0,0,7.775,1,0,18.0,0,7.775,1,0.0,3,23.325000000000003,False,1,0
0,73.5,3,0,0,0,0,0,8.05,1,0,24.5,0,8.05,2,0.0,3,24.150000000000002,False,1,0
0,54.0,3,1,1,0,0,3,9.8417,2,1,18.0,0,9.8417,2,18.0,3,29.5251,False,2,1
0,129.0,24,1,1,0,1,3,46.9,3,0,43.0,0,7.816666666666666,5,43.0,3,140.7,False,1,0
2,36.0,2,0,0,0,1,0,512.3292,1,0,36.0,1,170.7764,5,0.0,1,512.3292,True,4,1
0,64.5,3,1,1,0,0,3,8.1375,2,1,21.5,0,8.1375,2,21.5,3,24.412499999999998,False,2,0
4,27.0,1,0,0,0,1,0,76.7292,1,0,27.0,1,25.576400000000003,5,0.0,1,76.7292,False,3,1
0,60.0,3,0,0,0,0,0,9.225,1,0,20.0,0,9.225,2,0.0,3,27.674999999999997,False,2,0
0,42.0,24,1,0,0,1,0,46.9,1,0,14.0,0,7.816666666666666,5,0.0,3,140.7,False,1,0
0,120.0,6,0,0,0,1,0,39.0,1,0,60.0,0,19.5,4,0.0,2,78.0,True,3,0
0,50.0,8,0,0,0,1,0,41.5792,1,0,25.0,0,13.859733333333333,5,0.0,2,83.1584,False,3,0
0,42.0,18,1,0,0,1,0,39.6875,1,0,14.0,0,6.614583333333333,4,0.0,3,119.0625,False,0,0
0,57.0,3,0,0,0,0,0,10.1708,1,0,19.0,0,10.1708,2,0.0,3,30.5124,False,2,0
0,54.0,3,0,0,0,0,0,7.7958,1,0,18.0,0,7.7958,1,0.0,3,23.3874,False,1,0
2,15.0,2,1,1,1,1,1,211.3375,2,0,15.0,1,70.44583333333334,5,15.0,1,211.3375,True,4,1
2,31.0,2,0,0,0,1,0,57.0,1,0,31.0,1,28.5,5,0.0,1,57.0,True,4,1
0,12.0,6,1,1,0,0,3,13.4167,2,0,4.0,0,13.4167,3,4.0,3,40.2501,True,3,1
0,75.0,3,0,0,0,1,0,56.4958,1,0,25.0,0,8.070828571428573,5,0.0,3,169.4874,False,2,1
0,75.0,3,0,0,0,0,0,7.225,1,0,25.0,0,7.225,1,0.0,3,21.674999999999997,False,0,0
0,60.0,1,0,0,0,0,0,26.55,5,0,60.0,0,26.55,4,0.0,1,26.55,False,3,0
0,104.0,2,0,0,0,0,0,13.5,1,0,52.0,0,13.5,3,0.0,2,27.0,False,3,0
0,132.0,3,0,0,0,0,0,8.05,1,0,44.0,0,8.05,2,0.0,3,24.150000000000002,False,1,0
0,64.5,3,1,1,0,0,3,7.7333,2,1,21.5,0,7.7333,1,21.5,3,23.1999,False,0,1
3,49.0,3,0,0,0,1,0,110.8833,1,0,49.0,1,27.720825,5,0.0,1,110.8833,True,4,0
6,126.0,3,0,0,0,0,0,7.65,1,0,42.0,1,7.65,1,0.0,3,22.950000000000003,False,0,0
3,18.0,2,1,1,1,1,1,227.525,3,0,18.0,1,56.88125,5,18.0,1,227.525,True,4,1
5,35.0,1,0,0,0,0,0,26.2875,1,0,35.0,1,26.2875,4,0.0,1,26.2875,False,3,1
0,54.0,6,1,1,0,1,3,14.4542,2,0,18.0,0,7.2271,3,18.0,3,43.3626,True,0,0
0,75.0,3,0,0,0,0,0,7.7417,1,0,25.0,0,7.7417,1,0.0,3,23.225099999999998,False,1,0
0,78.0,6,0,0,0,0,0,7.8542,1,0,26.0,0,7.8542,1,0.0,3,23.5626,True,1,0
0,78.0,2,0,0,0,1,0,26.0,1,0,39.0,0,13.0,4,0.0,2,52.0,False,3,0
0,90.0,2,1,1,1,0,2,13.5,3,1,45.0,0,13.5,3,45.0,2,27.0,False,3,1
5,42.0,1,0,0,0,0,0,26.2875,1,0,42.0,1,26.2875,4,0.0,1,26.2875,False,3,1
0,22.0,1,1,1,1,1,1,151.55,2,1,22.0,0,37.8875,5,22.0,1,151.55,False,4,1
0,75.0,9,0,0,0,1,0,15.2458,4,0,25.0,0,7.6229,3,0.0,3,45.737399999999994,True,0,1
3,24.0,1,1,1,1,0,1,49.5042,2,1,24.0,1,49.5042,5,24.0,1,49.5042,False,4,1
3,40.0,1,0,0,0,0,0,26.55,1,0,40.0,1,26.55,4,0.0,1,26.55,False,3,0
3,48.0,2,0,0,0,1,0,52.0,1,0,48.0,1,26.0,5,0.0,1,52.0,True,3,1
0,87.0,3,0,0,0,0,0,9.4833,1,0,29.0,0,9.4833,2,0.0,3,28.4499,False,2,0
0,104.0,2,0,0,0,1,0,13.0,1,0,52.0,0,6.5,3,0.0,2,26.0,False,0,0
6,57.0,3,0,0,0,0,0,7.65,1,0,19.0,1,7.65,1,0.0,3,22.950000000000003,False,0,0
3,38.0,1,1,1,1,1,1,227.525,2,1,38.0,1,56.88125,5,38.0,1,227.525,False,4,1
5,54.0,2,1,1,1,0,2,10.5,2,1,27.0,1,10.5,2,27.0,2,21.0,False,2,1
0,75.0,3,0,0,0,0,0,15.5,1,0,25.0,0,15.5,3,0.0,3,46.5,False,3,0
0,99.0,3,0,0,0,0,0,7.775,1,0,33.0,0,7.775,1,0.0,3,23.325000000000003,False,1,0
0,12.0,4,1,1,1,1,2,33.0,2,0,6.0,0,11.0,4,6.0,2,66.0,True,2,1
0,51.0,6,0,0,0,0,0,7.0542,1,0,17.0,0,7.0542,1,0.0,3,21.162599999999998,True,0,0
0,68.0,2,0,0,0,0,0,13.0,1,0,34.0,0,13.0,3,0.0,2,26.0,False,3,0
0,100.0,2,0,0,0,0,0,13.0,1,0,50.0,0,13.0,3,0.0,2,26.0,False,3,0
5,27.0,2,0,0,0,1,0,53.1,1,0,27.0,1,26.55,5,0.0,1,53.1,True,3,1
0,60.0,3,0,0,0,0,0,8.6625,1,0,20.0,0,8.6625,2,0.0,3,25.987499999999997,False,2,0
0,60.0,8,1,1,1,1,2,21.0,3,0,30.0,0,10.5,3,30.0,2,42.0,False,2,1
0,64.5,3,1,1,0,0,3,7.7375,2,1,21.5,0,7.7375,1,21.5,3,23.2125,False,1,1
0,50.0,4,0,0,0,0,0,26.0,1,0,25.0,0,26.0,4,0.0,2,52.0,True,3,0
0,75.0,6,1,1,0,0,3,7.925,2,0,25.0,0,7.925,2,25.0,3,23.775,True,1,0
2,29.0,1,1,1,1,1,1,211.3375,2,1,29.0,1,70.44583333333334,5,29.0,1,211.3375,False,4,1
0,33.0,3,1,0,0,1,0,18.7875,1,0,11.0,0,9.39375,3,0.0,3,56.362500000000004,False,2,0
0,60.0,2,0,0,0,0,0,0.0,1,0,30.0,0,0.0,1,0.0,2,0.0,False,0,0
0,46.0,2,0,0,0,0,0,13.0,1,0,23.0,0,13.0,3,0.0,2,26.0,False,3,0
0,46.0,2,0,0,0,0,0,13.0,1,0,23.0,0,13.0,3,0.0,2,26.0,False,3,0
0,85.5,3,0,0,0,1,0,16.1,1,0,28.5,0,8.05,3,0.0,3,48.300000000000004,False,1,0
0,144.0,15,1,1,0,1,3,34.375,3,0,48.0,0,8.59375,4,48.0,3,103.125,False,2,0
2,35.0,1,0,0,0,1,0,512.3292,1,0,35.0,1,170.7764,5,0.0,1,512.3292,False,4,1
0,75.0,3,0,0,0,0,0,7.8958,1,0,25.0,0,7.8958,2,0.0,3,23.6874,False,1,0
0,75.0,3,0,0,0,0,0,7.8958,1,0,25.0,0,7.8958,2,0.0,3,23.6874,False,1,0
4,40.0,1,0,0,0,0,0,30.0,1,0,40.0,1,30.0,4,0.0,1,30.0,False,4,1
3,36.0,2,0,0,0,1,0,78.85,1,0,36.0,1,39.425,5,0.0,1,78.85,True,4,0
2,21.0,5,1,1,1,1,1,262.375,2,0,21.0,1,131.1875,5,21.0,1,262.375,False,4,1
0,72.0,6,0,0,0,0,0,16.1,1,0,24.0,0,16.1,3,0.0,3,48.300000000000004,True,3,0
0,93.0,3,0,0,0,0,0,7.925,1,0,31.0,0,7.925,2,0.0,3,23.775,False,1,1
2,70.0,3,0,0,0,1,0,71.0,5,0,70.0,1,35.5,5,0.0,1,71.0,True,4,0
0,48.0,9,1,0,0,1,0,20.25,1,0,16.0,0,10.125,3,0.0,3,60.75,True,2,0
0,60.0,2,1,1,1,0,2,13.0,2,1,30.0,0,13.0,3,30.0,2,26.0,False,3,1
4,19.0,2,0,0,0,0,0,53.1,1,0,19.0,1,53.1,5,0.0,1,53.1,True,4,0
0,93.0,3,0,0,0,0,0,7.75,1,0,31.0,0,7.75,1,0.0,3,23.25,False,1,0
0,8.0,6,1,1,1,0,2,23.0,2,0,4.0,0,23.0,4,4.0,2,46.0,True,3,1
5,18.0,6,1,0,0,1,0,12.475,4,0,6.0,1,6.2375,3,0.0,3,37.425,True,0,1
0,99.0,3,0,0,0,0,0,9.5,1,0,33.0,0,9.5,2,0.0,3,28.5,False,2,0
0,69.0,3,0,0,0,0,0,7.8958,1,0,23.0,0,7.8958,2,0.0,3,23.6874,False,1,0
0,96.0,8,1,1,1,1,2,65.0,3,0,48.0,0,32.5,5,48.0,2,130.0,False,4,1
0,1.34,6,1,0,0,1,0,14.5,4,0,0.67,0,7.25,3,0.0,2,29.0,True,0,1
0,84.0,3,0,0,0,0,0,7.7958,1,0,28.0,0,7.7958,1,0.0,3,23.3874,False,1,0
0,36.0,2,0,0,0,0,0,11.5,1,0,18.0,0,11.5,3,0.0,2,23.0,False,2,0
0,102.0,3,0,0,0,0,0,8.05,1,0,34.0,0,8.05,2,0.0,3,24.150000000000002,False,1,0
2,33.0,1,1,1,1,1,1,86.5,5,1,33.0,1,28.833333333333332,5,33.0,1,86.5,False,4,1
0,75.0,3,0,0,0,1,0,14.5,1,0,25.0,0,7.25,3,0.0,3,43.5,False,0,0
0,123.0,3,0,0,0,0,0,7.125,1,0,41.0,0,7.125,1,0.0,3,21.375,False,0,0
0,60.0,3,0,0,0,0,0,7.2292,1,0,20.0,0,7.2292,1,0.0,3,21.6876,False,0,1
2,36.0,4,1,1,1,1,1,120.0,3,0,36.0,1,30.0,5,36.0,1,120.0,False,4,1
0,48.0,3,1,0,0,0,0,7.775,1,0,16.0,0,7.775,1,0.0,3,23.325000000000003,False,1,0
4,51.0,2,1,1,1,1,1,77.9583,3,0,51.0,1,25.986099999999997,5,51.0,1,77.9583,True,3,1
0,40.0,1,0,0,0,0,0,39.6,5,0,40.0,0,39.6,4,0.0,1,39.6,False,4,0
0,91.5,3,1,1,0,0,3,7.75,2,1,30.5,0,7.75,1,30.5,3,23.25,False,1,0
0,75.0,6,0,0,0,1,0,24.15,1,0,25.0,0,8.049999999999999,4,0.0,3,72.44999999999999,True,1,0
0,96.0,3,0,0,0,0,0,8.3625,1,0,32.0,0,8.3625,2,0.0,3,25.087500000000002,False,2,0
0,72.0,3,0,0,0,0,0,9.5,1,0,24.0,0,9.5,2,0.0,3,28.5,False,2,0
0,144.0,3,0,0,0,0,0,7.8542,1,0,48.0,0,7.8542,1,0.0,3,23.5626,False,1,0
5,114.0,2,1,1,1,1,2,10.5,3,1,57.0,1,5.25,2,57.0,2,21.0,False,0,0
0,75.0,3,0,0,0,0,0,7.225,1,0,25.0,0,7.225,1,0.0,3,21.674999999999997,False,0,0
0,108.0,10,1,1,1,0,2,23.0,3,0,54.0,0,23.0,4,54.0,2,46.0,False,3,1
0,54.0,3,0,0,0,0,0,7.75,1,0,18.0,0,7.75,1,0.0,3,23.25,False,1,0
6,75.0,3,0,0,0,0,0,7.75,1,0,25.0,1,7.75,1,0.0,3,23.25,False,1,0
0,15.0,3,1,1,0,1,3,12.475,2,1,5.0,0,6.2375,3,5.0,3,37.425,False,0,1
0,75.0,3,0,0,0,0,0,7.7375,1,0,25.0,0,7.7375,1,0.0,3,23.2125,False,1,0
2,43.0,2,1,1,1,1,1,211.3375,3,0,43.0,1,70.44583333333334,5,43.0,1,211.3375,True,4,1
0,39.0,3,1,1,0,0,3,7.2292,2,1,13.0,0,7.2292,1,13.0,3,21.6876,False,0,1
2,17.0,2,1,1,1,1,1,57.0,3,0,17.0,1,28.5,5,17.0,1,57.0,True,4,1
4,29.0,1,0,0,0,0,0,30.0,1,0,29.0,1,30.0,4,0.0,1,30.0,False,4,0
0,75.0,12,0,0,0,1,0,23.45,1,0,25.0,0,11.725,4,0.0,3,70.35,False,2,0
0,75.0,3,0,0,0,0,0,7.05,1,0,25.0,0,7.05,1,0.0,3,21.15,False,0,0
0,75.0,3,0,0,0,0,0,7.25,1,0,25.0,0,7.25,1,0.0,3,21.75,False,0,0
0,54.0,3,1,1,0,0,3,7.4958,2,1,18.0,0,7.4958,1,18.0,3,22.4874,False,0,1
0,24.0,18,1,0,0,1,0,29.125,4,0,8.0,0,5.825,4,0.0,3,87.375,False,0,0
0,3.0,12,1,0,0,1,0,20.575,4,0,1.0,0,10.2875,3,0.0,3,61.724999999999994,False,2,1
2,46.0,1,0,0,0,1,0,79.2,1,0,46.0,1,39.6,5,0.0,1,79.2,False,4,0
0,75.0,3,0,0,0,0,0,7.75,1,0,25.0,0,7.75,1,0.0,3,23.25,False,1,0
0,32.0,2,1,0,0,1,0,26.0,1,0,16.0,0,13.0,4,0.0,2,52.0,False,3,0
0,64.5,33,1,1,0,1,3,69.55,2,0,21.5,0,9.935714285714285,5,21.5,3,208.64999999999998,False,2,0
0,40.0,1,0,0,0,0,0,30.6958,1,0,40.0,0,30.6958,4,0.0,1,30.6958,False,4,0
0,75.0,3,0,0,0,0,0,7.8958,1,0,25.0,0,7.8958,2,0.0,3,23.6874,False,1,0
0,78.0,2,0,0,0,0,0,13.0,1,0,39.0,0,13.0,3,0.0,2,26.0,False,3,0
4,49.0,1,1,1,1,0,1,25.9292,5,1,49.0,1,25.9292,4,49.0,1,25.9292,False,3,1
0,93.0,3,1,1,0,0,3,8.6833,3,1,31.0,0,8.6833,2,31.0,3,26.049899999999997,False,2,1
0,90.0,3,0,0,0,0,0,7.2292,1,0,30.0,0,7.2292,1,0.0,3,21.6876,False,0,0
0,90.0,9,1,1,0,1,3,24.15,3,0,30.0,0,8.049999999999999,4,30.0,3,72.44999999999999,True,1,0
0,68.0,2,0,0,0,1,0,13.0,1,0,34.0,0,6.5,3,0.0,2,26.0,False,0,0
0,62.0,6,1,1,1,1,2,26.25,3,0,31.0,0,8.75,4,31.0,2,52.5,True,2,1
2,11.0,4,1,0,0,1,0,120.0,4,0,11.0,1,30.0,5,0.0,1,120.0,False,4,1
0,1.26,6,1,0,0,0,0,8.5167,4,0,0.42,0,8.5167,2,0.0,3,25.5501,True,2,1
0,81.0,3,0,0,0,0,0,6.975,1,0,27.0,0,6.975,1,0.0,3,20.924999999999997,False,0,1
0,93.0,3,0,0,0,0,0,7.775,1,0,31.0,0,7.775,1,0.0,3,23.325000000000003,False,1,0
1,39.0,1,0,0,0,0,0,0.0,1,0,39.0,1,0.0,1,0.0,1,0.0,False,0,0
0,54.0,3,1,1,0,0,3,7.775,2,1,18.0,0,7.775,1,18.0,3,23.325000000000003,False,1,0
0,78.0,2,0,0,0,0,0,13.0,1,0,39.0,0,13.0,3,0.0,2,26.0,False,3,0
5,33.0,2,1,1,1,1,1,53.1,3,0,33.0,1,26.55,5,33.0,1,53.1,True,3,1
0,78.0,3,0,0,0,0,0,7.8875,1,0,26.0,0,7.8875,2,0.0,3,23.6625,False,1,0
0,117.0,3,0,0,0,1,0,24.15,1,0,39.0,0,12.075,4,0.0,3,72.44999999999999,False,3,0
0,70.0,2,0,0,0,0,0,10.5,1,0,35.0,0,10.5,2,0.0,2,21.0,False,2,0
0,18.0,21,1,1,0,1,3,31.275,2,0,6.0,0,4.4678571428571425,4,6.0,3,93.82499999999999,False,0,0
0,91.5,3,0,0,0,0,0,8.05,1,0,30.5,0,8.05,2,0.0,3,24.150000000000002,False,1,0
2,40.0,1,0,0,0,0,0,0.0,1,0,40.0,1,0.0,1,0.0,1,0.0,False,0,0
0,69.0,3,1,1,0,0,3,7.925,2,1,23.0,0,7.925,2,23.0,3,23.775,False,1,0
0,62.0,6,0,0,0,1,0,37.0042,1,0,31.0,0,18.5021,4,0.0,2,74.0084,True,3,0
0,129.0,3,0,0,0,0,0,6.45,1,0,43.0,0,6.45,1,0.0,3,19.35,False,0,0
0,30.0,18,1,0,0,1,0,27.9,4,0,10.0,0,4.6499999999999995,4,0.0,3,83.69999999999999,False,0,0
2,52.0,3,1,1,1,1,1,93.5,3,0,52.0,1,46.75,5,52.0,1,93.5,True,4,1
0,81.0,3,0,0,0,0,0,8.6625,1,0,27.0,0,8.6625,2,0.0,3,25.987499999999997,False,2,1
0,38.0,1,0,0,0,0,0,0.0,5,0,38.0,0,0.0,1,0.0,1,0.0,False,0,0
5,81.0,6,1,1,0,1,3,12.475,3,0,27.0,1,6.2375,3,27.0,3,37.425,True,0,1
0,6.0,18,1,0,0,1,0,39.6875,4,0,2.0,0,6.614583333333333,4,0.0,3,119.0625,False,0,0
0,75.0,3,0,0,0,0,0,6.95,1,0,25.0,0,6.95,1,0.0,3,20.85,False,0,0
0,75.0,3,0,0,0,1,0,56.4958,1,0,25.0,0,8.070828571428573,5,0.0,3,169.4874,False,2,0
0,2.0,6,1,0,0,1,0,37.0042,4,0,1.0,0,18.5021,4,0.0,2,74.0084,True,3,1
0,75.0,3,0,0,0,0,0,7.75,1,0,25.0,0,7.75,1,0.0,3,23.25,False,1,1
2,62.0,1,1,1,1,1,1,80.0,3,1,62.0,1,40.0,5,62.0,1,80.0,False,4,1
0,45.0,6,1,1,0,1,3,14.4542,3,0,15.0,0,7.2271,3,15.0,3,43.3626,True,0,1
0,1.66,6,1,0,0,1,0,18.75,4,0,0.83,0,6.25,3,0.0,2,37.5,True,0,1
0,75.0,3,0,0,0,0,0,7.2292,1,0,25.0,0,7.2292,1,0.0,3,21.6876,False,0,0
0,69.0,3,0,0,0,0,0,7.8542,1,0,23.0,0,7.8542,1,0.0,3,23.5626,False,1,0
0,54.0,3,0,0,0,0,0,8.3,1,0,18.0,0,8.3,2,0.0,3,24.900000000000002,False,2,0
5,39.0,3,1,1,1,0,1,83.1583,2,0,39.0,1,83.1583,5,39.0,1,83.1583,True,4,1
0,63.0,3,0,0,0,0,0,8.6625,1,0,21.0,0,8.6625,2,0.0,3,25.987499999999997,False,2,0
0,75.0,3,0,0,0,0,0,8.05,1,0,25.0,0,8.05,2,0.0,3,24.150000000000002,False,1,0
0,96.0,3,0,0,0,1,0,56.4958,1,0,32.0,0,8.070828571428573,5,0.0,3,169.4874,False,2,1
3,40.0,1,0,0,0,0,0,29.7,1,0,40.0,1,29.7,4,0.0,1,29.7,False,4,1
0,60.0,3,0,0,0,0,0,7.925,1,0,20.0,0,7.925,2,0.0,3,23.775,False,1,0
0,32.0,2,1,0,0,1,0,10.5,1,0,16.0,0,5.25,2,0.0,2,21.0,False,0,0
0,30.0,1,1,1,1,1,1,31.0,2,1,30.0,0,15.5,4,30.0,1,31.0,False,3,1
0,103.5,3,0,0,0,0,0,6.4375,1,0,34.5,0,6.4375,1,0.0,3,19.3125,False,0,0
0,51.0,3,0,0,0,0,0,8.6625,1,0,17.0,0,8.6625,2,0.0,3,25.987499999999997,False,2,0
0,126.0,3,0,0,0,0,0,7.55,1,0,42.0,0,7.55,1,0.0,3,22.65,False,0,0
0,75.0,33,0,0,0,1,0,69.55,1,0,25.0,0,9.935714285714285,5,0.0,3,208.64999999999998,False,2,0
0,105.0,3,0,0,0,0,0,7.8958,1,0,35.0,0,7.8958,2,0.0,3,23.6874,False,1,0
0,56.0,4,0,0,0,1,0,33.0,5,0,28.0,0,11.0,4,0.0,2,66.0,True,2,0
3,35.0,2,1,1,1,1,1,89.1042,3,0,35.0,1,44.5521,5,35.0,1,89.1042,True,4,1
0,12.0,21,1,0,0,1,0,31.275,4,0,4.0,0,4.4678571428571425,4,0.0,3,93.82499999999999,False,0,0
0,222.0,3,0,0,0,0,0,7.775,1,0,74.0,0,7.775,1,0.0,3,23.325000000000003,False,1,0
0,27.0,9,1,1,0,1,3,15.2458,2,0,9.0,0,7.6229,3,9.0,3,45.737399999999994,True,0,0
4,16.0,2,1,1,1,0,1,39.4,2,0,16.0,1,39.4,4,16.0,1,39.4,True,4,1
0,88.0,4,1,1,1,1,2,26.0,3,0,44.0,0,13.0,4,44.0,2,52.0,True,3,0
0,54.0,6,1,1,0,0,3,9.35,3,0,18.0,0,9.35,2,18.0,3,28.049999999999997,True,2,1
0,45.0,3,1,1,1,1,1,164.8667,3,0,45.0,0,82.43335,5,45.0,1,164.8667,True,4,1
5,51.0,1,0,0,0,0,0,26.55,1,0,51.0,1,26.55,4,0.0,1,26.55,False,3,1
0,72.0,12,1,1,0,1,3,19.2583,3,0,24.0,0,4.814575,3,24.0,3,57.774899999999995,False,0,1
0,75.0,3,0,0,0,0,0,7.2292,1,0,25.0,0,7.2292,1,0.0,3,21.6876,False,0,0
0,123.0,9,0,0,0,0,0,14.1083,1,0,41.0,0,14.1083,3,0.0,3,42.3249,True,3,0
0,42.0,4,0,0,0,0,0,11.5,1,0,21.0,0,11.5,3,0.0,2,23.0,True,2,0
4,48.0,1,1,1,1,0,1,25.9292,3,1,48.0,1,25.9292,4,48.0,1,25.9292,False,3,1
0,64.5,33,1,1,0,1,3,69.55,2,0,21.5,0,9.935714285714285,5,21.5,3,208.64999999999998,False,2,0
0,48.0,2,0,0,0,0,0,13.0,1,0,24.0,0,13.0,3,0.0,2,26.0,False,3,0
0,84.0,2,1,1,1,0,2,13.0,3,1,42.0,0,13.0,3,42.0,2,26.0,False,3,1
0,54.0,4,1,1,1,0,2,13.8583,2,0,27.0,0,13.8583,3,27.0,2,27.7166,True,3,1
1,31.0,1,0,0,0,0,0,50.4958,1,0,31.0,1,50.4958,5,0.0,1,50.4958,False,4,0
0,75.0,3,0,0,0,0,0,9.5,1,0,25.0,0,9.5,2,0.0,3,28.5,False,2,0
0,12.0,9,1,0,0,1,0,11.1333,4,0,4.0,0,3.7111,3,0.0,3,33.3999,True,0,1
0,78.0,3,0,0,0,0,0,7.8958,1,0,26.0,0,7.8958,2,0.0,3,23.6874,False,1,0
4,47.0,3,1,1,1,1,1,52.5542,3,0,47.0,1,26.2771,5,47.0,1,52.5542,True,3,1
2,33.0,1,0,0,0,0,0,5.0,1,0,33.0,1,5.0,1,0.0,1,5.0,False,0,0
0,141.0,3,0,0,0,0,0,9.0,1,0,47.0,0,9.0,2,0.0,3,27.0,False,2,0
0,56.0,4,1,1,1,1,2,24.0,3,0,28.0,0,12.0,4,28.0,2,48.0,True,3,1
0,45.0,3,1,1,0,0,3,7.225,2,1,15.0,0,7.225,1,15.0,3,21.674999999999997,False,0,1
0,60.0,3,0,0,0,1,0,9.8458,1,0,20.0,0,4.9229,2,0.0,3,29.5374,False,0,0
0,57.0,3,0,0,0,0,0,7.8958,1,0,19.0,0,7.8958,2,0.0,3,23.6874,False,1,0
0,75.0,3,0,0,0,0,0,7.8958,1,0,25.0,0,7.8958,2,0.0,3,23.6874,False,1,0
3,56.0,2,1,1,1,1,1,83.1583,3,0,56.0,1,41.57915,5,56.0,1,83.1583,True,4,1
0,50.0,4,1,1,1,1,2,26.0,3,0,25.0,0,13.0,4,25.0,2,52.0,True,3,1
0,99.0,3,0,0,0,0,0,7.8958,1,0,33.0,0,7.8958,2,0.0,3,23.6874,False,1,0
0,66.0,3,1,1,0,0,3,10.5167,2,1,22.0,0,10.5167,3,22.0,3,31.5501,False,2,0
0,56.0,2,0,0,0,0,0,10.5,1,0,28.0,0,10.5,2,0.0,2,21.0,False,2,0
0,75.0,3,0,0,0,0,0,7.05,1,0,25.0,0,7.05,1,0.0,3,21.15,False,0,0
0,117.0,18,1,1,0,1,3,29.125,3,0,39.0,0,5.825,4,39.0,3,87.375,False,0,0
0,54.0,2,0,0,0,0,0,13.0,5,0,27.0,0,13.0,3,0.0,2,26.0,False,3,0
2,19.0,1,1,1,1,0,1,30.0,2,1,19.0,1,30.0,4,19.0,1,30.0,False,4,1
0,64.5,12,1,1,0,1,3,23.45,2,0,21.5,0,11.725,4,21.5,3,70.35,False,2,0
3,26.0,1,0,0,0,0,0,30.0,1,0,26.0,1,30.0,4,0.0,1,30.0,False,4,1
0,96.0,3,0,0,0,0,0,7.75,1,0,32.0,0,7.75,1,0.0,3,23.25,False,1,0
